age_lin_acc,userId_lin_acc,x_lin_acc,y_lin_acc,z_lin_acc,magnitude_lin_acc,userId_rotation,x_rotation,y_rotation,z_rotation,magnitude_rotation,userId_gyro,x_gyro,y_gyro,z_gyro,magnitude_gyro
22,ee505e5a-6e99-43cb-97d4-cbf6e9830efc,0.0,0.0,0.0,0.0,ee505e5a-6e99-43cb-97d4-cbf6e9830efc,0.0531014204025268,-0.5313489437103271,-0.845474123954773,0.9999889774932207,ee505e5a-6e99-43cb-97d4-cbf6e9830efc,-0.0447445623576641,-0.1581330895423889,0.0946049690246582,0.18962660686980773
22,ee505e5a-6e99-43cb-97d4-cbf6e9830efc,0.1717675328254699,0.0149240493774414,-0.1334981918334961,0.21805636841326628,ee505e5a-6e99-43cb-97d4-cbf6e9830efc,-0.0241822581738233,0.5262435078620911,0.849933922290802,0.9999523405832956,ee505e5a-6e99-43cb-97d4-cbf6e9830efc,-0.0981173440814018,-0.125987246632576,0.0953685268759727,0.1859971920275649
22,ee505e5a-6e99-43cb-97d4-cbf6e9830efc,-0.0370677970349788,0.1462116241455078,-0.3042654991149902,0.3396017587763463,ee505e5a-6e99-43cb-97d4-cbf6e9830efc,0.0302735343575477,0.5102555155754089,0.8576042652130127,0.9983798143838724,ee505e5a-6e99-43cb-97d4-cbf6e9830efc,-0.1345391124486923,-0.2420482337474823,-0.0321458354592323,0.2787857151579502
22,ee505e5a-6e99-43cb-97d4-cbf6e9830efc,0.0602660030126571,0.1101894378662109,-0.5130000114440918,0.5281502769837686,ee505e5a-6e99-43cb-97d4-cbf6e9830efc,0.0338923595845699,0.5031943917274475,0.8610538840293884,0.9978812950978995,ee505e5a-6e99-43cb-97d4-cbf6e9830efc,-0.2964136302471161,-0.676131546497345,-0.0787229388952255,0.7424366703453344
22,ee505e5a-6e99-43cb-97d4-cbf6e9830efc,0.6040520071983337,-0.2807483673095703,0.7107052803039551,0.9740638934891533,ee505e5a-6e99-43cb-97d4-cbf6e9830efc,0.0326799787580966,0.4955505132675171,0.8650459051132202,0.9974681499499017,ee505e5a-6e99-43cb-97d4-cbf6e9830efc,-0.071240060031414,0.0898708999156951,-0.0390178672969341,0.12113760263988023
22,ee505e5a-6e99-43cb-97d4-cbf6e9830efc,0.2723046839237213,-0.1257200241088867,0.1800942420959472,0.3498418233785813,ee505e5a-6e99-43cb-97d4-cbf6e9830efc,0.0365017242729663,0.4932791292667389,0.8658348917961121,0.9971593328533995,ee505e5a-6e99-43cb-97d4-cbf6e9830efc,-0.016951011493802,0.1003316640853881,-0.0449736304581165,0.11124930132539884
22,ee505e5a-6e99-43cb-97d4-cbf6e9830efc,0.117821455001831,-0.1872062683105468,0.531548023223877,0.5757355149256645,ee505e5a-6e99-43cb-97d4-cbf6e9830efc,0.0407358109951019,0.4919271171092987,0.8660293221473694,0.9968241979727049,ee505e5a-6e99-43cb-97d4-cbf6e9830efc,0.0174855031073093,-0.0014507622690871,-0.0131332157179713,0.021916406757767074
22,ee505e5a-6e99-43cb-97d4-cbf6e9830efc,-0.1518035233020782,-0.0998153686523437,0.1876783370971679,0.261209830828945,ee505e5a-6e99-43cb-97d4-cbf6e9830efc,0.0539536476135253,0.4882936775684356,0.8671491742134094,0.9966390530092175,ee505e5a-6e99-43cb-97d4-cbf6e9830efc,0.0188599098473787,-0.0594812519848346,0.0024433890357613,0.06244746341617664
22,ee505e5a-6e99-43cb-97d4-cbf6e9830efc,0.0907297879457473,-0.1246938705444336,0.1976399421691894,0.25068307185103816,ee505e5a-6e99-43cb-97d4-cbf6e9830efc,0.0566310621798038,0.4862775802612304,0.8681563138961792,0.9966786581572475,ee505e5a-6e99-43cb-97d4-cbf6e9830efc,0.0035123717971146,-0.0771194696426391,0.0584886260330677,0.09685385242125966
22,ee505e5a-6e99-43cb-97d4-cbf6e9830efc,0.0030662566423416,-0.0175971984863281,0.046640396118164,0.04994386723535914,ee505e5a-6e99-43cb-97d4-cbf6e9830efc,0.0555000714957714,0.4854243099689483,0.8689277172088623,0.9968713038194398,ee505e5a-6e99-43cb-97d4-cbf6e9830efc,0.0258082970976829,-0.0093154208734631,0.0151948258280754,0.03136443841482846
22,ee505e5a-6e99-43cb-97d4-cbf6e9830efc,0.152137205004692,-0.1021585464477539,0.2198009490966797,0.2861722470519438,ee505e5a-6e99-43cb-97d4-cbf6e9830efc,0.0544935800135135,0.4856438338756561,0.8690443634986877,0.9970243674920761,ee505e5a-6e99-43cb-97d4-cbf6e9830efc,0.0198525357991457,0.0660478621721267,0.0274117700755596,0.07421488000286702
22,ee505e5a-6e99-43cb-97d4-cbf6e9830efc,0.0319577306509017,-0.0103120803833007,-0.0037927627563476,0.03379379528128165,ee505e5a-6e99-43cb-97d4-cbf6e9830efc,0.0563821494579315,0.4857251942157745,0.8687205910682678,0.9968868423343991,ee505e5a-6e99-43cb-97d4-cbf6e9830efc,0.052151083946228,0.0633754059672355,0.0002290677221026,0.0820745399639848
22,ee505e5a-6e99-43cb-97d4-cbf6e9830efc,0.2424815893173217,-0.0795373916625976,0.1008505821228027,0.2743981737272533,ee505e5a-6e99-43cb-97d4-cbf6e9830efc,0.0478323996067047,0.4936994016170501,0.8642352819442749,0.9964585591816999,ee505e5a-6e99-43cb-97d4-cbf6e9830efc,-0.0003817795368377,0.0088572856038808,0.0021379655227065,0.009119657913526348
22,ee505e5a-6e99-43cb-97d4-cbf6e9830efc,0.1605147421360016,-0.1464548110961914,0.1421895027160644,0.25967643100375876,ee505e5a-6e99-43cb-97d4-cbf6e9830efc,0.0612763948738575,0.49004727602005,0.8655971884727478,0.9965739420611667,ee505e5a-6e99-43cb-97d4-cbf6e9830efc,0.1378987729549408,0.1316375881433487,-0.124001994729042,0.22742256020777174
22,ee505e5a-6e99-43cb-97d4-cbf6e9830efc,-0.2518985867500305,0.1250820159912109,-0.0745072364807128,0.2909462785791925,ee505e5a-6e99-43cb-97d4-cbf6e9830efc,0.0482241623103618,0.4982151091098785,0.8617305755615234,0.9965557935376718,ee505e5a-6e99-43cb-97d4-cbf6e9830efc,-0.0209978744387626,-0.0615428611636161,0.0691020935773849,0.09488695288567246
22,ee505e5a-6e99-43cb-97d4-cbf6e9830efc,0.0222757756710052,-0.0005064010620117,0.1372489929199218,0.13904586538733646,ee505e5a-6e99-43cb-97d4-cbf6e9830efc,0.0366763472557067,0.5012763738632202,0.8609768152236938,0.996947457890442,ee505e5a-6e99-43cb-97d4-cbf6e9830efc,0.0809372588992118,0.0546708293259143,-0.0485623553395271,0.10907814544363957
22,ee505e5a-6e99-43cb-97d4-cbf6e9830efc,-0.0296077877283096,0.0690813064575195,-0.2288212776184082,0.24084855217950346,ee505e5a-6e99-43cb-97d4-cbf6e9830efc,0.0392751954495906,0.5005085468292236,0.8611161708831787,0.9967810221825115,ee505e5a-6e99-43cb-97d4-cbf6e9830efc,0.0323749035596847,0.0652843043208122,-0.0293970238417387,0.07857709451171542
22,ee505e5a-6e99-43cb-97d4-cbf6e9830efc,0.0247335135936737,0.0823793411254882,-0.1158456802368164,0.14428556465734438,ee505e5a-6e99-43cb-97d4-cbf6e9830efc,0.0307425744831562,0.5031141638755798,0.8596349954605103,0.9965145724967938,ee505e5a-6e99-43cb-97d4-cbf6e9830efc,-0.0880383625626564,0.0125987250357866,0.0195471122860908,0.09105806254234788
22,ee505e5a-6e99-43cb-97d4-cbf6e9830efc,0.078285276889801,-0.113072395324707,0.2210803031921386,0.26036599551728634,ee505e5a-6e99-43cb-97d4-cbf6e9830efc,0.0304560028016567,0.5040898323059082,0.8588687777519226,0.996338147687789,ee505e5a-6e99-43cb-97d4-cbf6e9830efc,0.0203106720000505,0.0766613334417343,-0.0612374395132064,0.10019734248118568
22,ee505e5a-6e99-43cb-97d4-cbf6e9830efc,-0.0778705179691314,-0.0559034347534179,0.0615687370300293,0.11392857835277051,ee505e5a-6e99-43cb-97d4-cbf6e9830efc,0.0321774296462535,0.5055513978004456,0.8582972288131714,0.9966402238445895,ee505e5a-6e99-43cb-97d4-cbf6e9830efc,0.0802500620484352,0.033062107861042,-0.0290152449160814,0.09151535320662355
22,ee505e5a-6e99-43cb-97d4-cbf6e9830efc,-0.0902949571609497,0.0293893814086914,-0.0150585174560546,0.09614402725212617,ee505e5a-6e99-43cb-97d4-cbf6e9830efc,0.025444395840168,0.5100253820419312,0.8555544018745422,0.996366720727662,ee505e5a-6e99-43cb-97d4-cbf6e9830efc,0.0322221927344799,-0.0475697293877601,0.0306950751692056,0.06514089727879006
22,ee505e5a-6e99-43cb-97d4-cbf6e9830efc,-0.0590929388999938,-0.013350486755371,-0.020148754119873,0.06384499367238465,ee505e5a-6e99-43cb-97d4-cbf6e9830efc,0.0289528965950012,0.5123527646064758,0.8541694283485413,0.9964682824588114,ee505e5a-6e99-43cb-97d4-cbf6e9830efc,0.0253501608967781,0.0019852535333484,-0.0542890504002571,0.05994891894309576
22,ee505e5a-6e99-43cb-97d4-cbf6e9830efc,-0.0052061378955841,0.0142946243286132,-0.0235495567321777,0.028036079946491686,ee505e5a-6e99-43cb-97d4-cbf6e9830efc,0.0287371445447206,0.5128105878829956,0.8536842465400696,0.9962817449457628,ee505e5a-6e99-43cb-97d4-cbf6e9830efc,0.0371089726686477,-0.0427593067288398,0.0216850768774747,0.06062735953045815
22,ee505e5a-6e99-43cb-97d4-cbf6e9830efc,-0.0559336245059967,0.0265884399414062,-0.0391373634338378,0.07326150903064926,ee505e5a-6e99-43cb-97d4-cbf6e9830efc,0.0302476771175861,0.5163532495498657,0.8512682914733887,0.9960890042359356,ee505e5a-6e99-43cb-97d4-cbf6e9830efc,0.0057266931980848,-0.0148894023150205,-0.000152711814735,0.015953452202639034
22,ee505e5a-6e99-43cb-97d4-cbf6e9830efc,0.0183707773685455,-0.034682273864746,0.0457301139831543,0.06026266594224148,ee505e5a-6e99-43cb-97d4-cbf6e9830efc,0.0292893499135971,0.5170406103134155,0.8509494066238403,0.9961444430227457,ee505e5a-6e99-43cb-97d4-cbf6e9830efc,0.0232121963053941,-0.0124460132792592,-0.0112243182957172,0.02863030955248685
22,ee505e5a-6e99-43cb-97d4-cbf6e9830efc,-0.0884073674678802,0.0379114151000976,-0.0664834976196289,0.11693243122945794,ee505e5a-6e99-43cb-97d4-cbf6e9830efc,0.0328472033143043,0.5160427689552307,0.8513196110725403,0.9960542948821887,ee505e5a-6e99-43cb-97d4-cbf6e9830efc,0.0182490609586238,0.008551862090826,-0.0023670331574976,0.020292003771455576
22,ee505e5a-6e99-43cb-97d4-cbf6e9830efc,-0.0686730742454528,0.0037870407104492,0.0351214408874511,0.07722595686474072,ee505e5a-6e99-43cb-97d4-cbf6e9830efc,0.0289578065276145,0.5198238492012024,0.8495694994926453,0.9964054010418796,ee505e5a-6e99-43cb-97d4-cbf6e9830efc,-0.032756682485342,-0.0778066664934158,0.0092390645295381,0.08492489571170585
22,ee505e5a-6e99-43cb-97d4-cbf6e9830efc,0.0744877755641937,-0.0294809341430664,-0.022402286529541,0.08318303089092849,ee505e5a-6e99-43cb-97d4-cbf6e9830efc,0.0352409183979034,0.5177118182182312,0.8506156802177429,0.996400764996017,ee505e5a-6e99-43cb-97d4-cbf6e9830efc,0.0585649795830249,0.027640838176012,0.0140494871884584,0.06626658931083795
22,ee505e5a-6e99-43cb-97d4-cbf6e9830efc,-0.0722938477993011,0.011667251586914,-0.0233087539672851,0.07684935393826216,ee505e5a-6e99-43cb-97d4-cbf6e9830efc,0.0341077968478202,0.5216805338859558,0.848476231098175,0.9966071623161815,ee505e5a-6e99-43cb-97d4-cbf6e9830efc,-0.0331384651362896,-0.0368799045681953,0.035887274891138,0.061206059599196366
22,ee505e5a-6e99-43cb-97d4-cbf6e9830efc,0.0252033323049545,-0.0403451919555664,0.1256871223449707,0.1343882256619422,ee505e5a-6e99-43cb-97d4-cbf6e9830efc,0.0347079522907733,0.5214332938194275,0.8487910628318787,0.9967665675567505,ee505e5a-6e99-43cb-97d4-cbf6e9830efc,0.0484096445143222,0.0225249920040369,0.0177909266203641,0.056279534617800026
22,ee505e5a-6e99-43cb-97d4-cbf6e9830efc,0.0031741112470626,0.0401592254638671,-0.0727190971374511,0.08313185587097457,ee505e5a-6e99-43cb-97d4-cbf6e9830efc,0.033920157700777,0.5207288861274719,0.8493564128875732,0.9968527805344423,ee505e5a-6e99-43cb-97d4-cbf6e9830efc,0.0272590592503547,-0.0035123717971146,0.0086282175034284,0.028806929793748978
22,ee505e5a-6e99-43cb-97d4-cbf6e9830efc,0.0524288266897201,-0.0227279663085937,-0.0396695137023925,0.06956301199610022,ee505e5a-6e99-43cb-97d4-cbf6e9830efc,0.0355662927031517,0.5250385999679565,0.8468509912490845,0.9970391637305502,ee505e5a-6e99-43cb-97d4-cbf6e9830efc,-0.0364217683672905,0.0117588099092245,0.0044286428019404,0.03852827141916722
22,ee505e5a-6e99-43cb-97d4-cbf6e9830efc,0.1220592260360717,-0.1520223617553711,0.3873305320739746,0.43362909751412443,ee505e5a-6e99-43cb-97d4-cbf6e9830efc,0.0141360387206077,0.5385663509368896,0.8406882286071777,0.9985040008286705,ee505e5a-6e99-43cb-97d4-cbf6e9830efc,0.0606265887618064,0.008399149402976,0.008399149402976,0.06177924154827586
22,ee505e5a-6e99-43cb-97d4-cbf6e9830efc,0.2114709913730621,-0.1115779876708984,0.215219497680664,0.32169715526704645,ee505e5a-6e99-43cb-97d4-cbf6e9830efc,0.0093333246186375,0.5458424687385559,0.8360770344734192,0.9985268745511586,ee505e5a-6e99-43cb-97d4-cbf6e9830efc,0.2298312783241272,0.3332935273647308,0.0416903272271156,0.4069951784279894
22,ee505e5a-6e99-43cb-97d4-cbf6e9830efc,-0.1221590638160705,0.0428628921508789,0.0437204837799072,0.13664386227674402,ee505e5a-6e99-43cb-97d4-cbf6e9830efc,0.0139250680804252,0.5473567247390747,0.8344175219535828,0.9980209880464886,ee505e5a-6e99-43cb-97d4-cbf6e9830efc,0.1765348613262176,0.1450762301683426,-0.0486387126147747,0.23361805193123975
22,ee505e5a-6e99-43cb-97d4-cbf6e9830efc,-0.7392582893371582,0.9501714706420898,-2.1045117378234863,2.4245202198811797,ee505e5a-6e99-43cb-97d4-cbf6e9830efc,0.0443175472319126,0.483720451593399,0.8692501187324524,0.9957636713592022,ee505e5a-6e99-43cb-97d4-cbf6e9830efc,-0.1333937644958496,-0.2308239042758941,0.0155766047537326,0.2670509348554978
22,ee505e5a-6e99-43cb-97d4-cbf6e9830efc,0.0379219055175781,0.554041862487793,-1.1827011108398438,1.3065918926309112,ee505e5a-6e99-43cb-97d4-cbf6e9830efc,0.0369052998721599,0.4692386388778686,0.878081738948822,0.9962803027511866,ee505e5a-6e99-43cb-97d4-cbf6e9830efc,-0.6896465420722961,-0.3618506491184234,-0.0550526082515716,0.780755425812079
22,ee505e5a-6e99-43cb-97d4-cbf6e9830efc,0.1826727241277694,0.3660001754760742,-0.5415439605712891,0.6786717275826474,ee505e5a-6e99-43cb-97d4-cbf6e9830efc,0.0271544530987739,0.4589700102806091,0.8834626078605652,0.9959402663553004,ee505e5a-6e99-43cb-97d4-cbf6e9830efc,-0.1680593490600586,0.1104106456041336,0.0145076224580407,0.2016058694051273
22,ee505e5a-6e99-43cb-97d4-cbf6e9830efc,-0.0765237808227539,0.3138813972473144,-0.3822546005249023,0.5004957544193436,ee505e5a-6e99-43cb-97d4-cbf6e9830efc,0.0172168780118227,0.4475429654121399,0.8910759687423706,0.9973001097204993,ee505e5a-6e99-43cb-97d4-cbf6e9830efc,-0.1068982705473899,0.1645469814538955,-0.0152711812406778,0.19681503582830565
22,ee505e5a-6e99-43cb-97d4-cbf6e9830efc,-2.4618172645568848,-0.9097185134887696,1.1960372924804688,2.8842047817134224,ee505e5a-6e99-43cb-97d4-cbf6e9830efc,0.117595687508583,0.5035650730133057,0.8536142706871033,0.9980299853211763,ee505e5a-6e99-43cb-97d4-cbf6e9830efc,-0.0399341396987438,-0.067116841673851,0.1713426560163498,0.188302181932363
22,ee505e5a-6e99-43cb-97d4-cbf6e9830efc,-1.4220755100250244,-0.0861463546752929,0.4513559341430664,1.4944705182515092,ee505e5a-6e99-43cb-97d4-cbf6e9830efc,0.1677205711603164,0.5074322819709778,0.8409726023674011,0.9964199058174298,ee505e5a-6e99-43cb-97d4-cbf6e9830efc,0.6439857482910156,-0.9675820469856262,0.4216373264789581,1.2364104078869433
22,ee505e5a-6e99-43cb-97d4-cbf6e9830efc,0.838262677192688,0.3342466354370117,-0.231236457824707,0.9315983193965802,ee505e5a-6e99-43cb-97d4-cbf6e9830efc,0.1222343444824218,0.4976260662078857,0.8549350500106812,0.9967381183025702,ee505e5a-6e99-43cb-97d4-cbf6e9830efc,0.0768904015421867,-0.4729484915733337,0.0393232926726341,0.4807688954970236
22,ee505e5a-6e99-43cb-97d4-cbf6e9830efc,2.6373186111450195,0.9359755516052246,-1.3241829872131348,3.0959587002282993,ee505e5a-6e99-43cb-97d4-cbf6e9830efc,0.0170154515653848,0.4592397511005401,0.8824098110198975,0.9949058996543498,ee505e5a-6e99-43cb-97d4-cbf6e9830efc,-0.2240282297134399,0.682774543762207,-0.2399102598428726,0.7575794731221949
22,ee505e5a-6e99-43cb-97d4-cbf6e9830efc,0.4338142573833465,0.1792860031127929,-0.2376484870910644,0.5261321927404714,ee505e5a-6e99-43cb-97d4-cbf6e9830efc,0.0679592564702034,0.4858452975749969,0.862526535987854,0.9922782568407548,ee505e5a-6e99-43cb-97d4-cbf6e9830efc,-0.588780403137207,0.7061394453048706,-0.5884749889373779,1.091603449948162
22,ee505e5a-6e99-43cb-97d4-cbf6e9830efc,-0.8885787129402161,-0.4365730285644531,0.3966231346130371,1.0665261596748112,ee505e5a-6e99-43cb-97d4-cbf6e9830efc,0.0637419000267982,0.486528605222702,0.8633565306663513,0.9930546875994356,ee505e5a-6e99-43cb-97d4-cbf6e9830efc,0.397966980934143,-0.4826456904411316,0.0572669319808483,0.6281752000148783
22,ee505e5a-6e99-43cb-97d4-cbf6e9830efc,1.03329598903656,0.4746780395507812,-0.4228134155273437,1.2131739473549183,ee505e5a-6e99-43cb-97d4-cbf6e9830efc,0.0021631885319948,0.4696429371833801,0.8752819895744324,0.9933215637970586,ee505e5a-6e99-43cb-97d4-cbf6e9830efc,0.0114533863961696,0.0881910696625709,0.0251210927963256,0.09241165582030224
22,ee505e5a-6e99-43cb-97d4-cbf6e9830efc,0.4536428451538086,0.3883633613586426,-0.4207105636596679,0.7304897739050571,ee505e5a-6e99-43cb-97d4-cbf6e9830efc,0.0145966969430446,0.457645058631897,0.8767424821853638,0.9891053752358201,ee505e5a-6e99-43cb-97d4-cbf6e9830efc,-0.3234436213970184,0.452103316783905,-0.3158080279827118,0.6393339470165454
22,ee505e5a-6e99-43cb-97d4-cbf6e9830efc,-0.5124520063400269,-0.2308502197265625,0.1521716117858886,0.5822843653948098,ee505e5a-6e99-43cb-97d4-cbf6e9830efc,0.0242974832653999,0.4687954485416412,0.8697648048400879,0.988357402969648,ee505e5a-6e99-43cb-97d4-cbf6e9830efc,-0.0496313385665416,-0.2158581465482711,-0.1435490995645523,0.26394005604484383
22,ee505e5a-6e99-43cb-97d4-cbf6e9830efc,-0.1701595783233642,-0.2493329048156738,0.3816213607788086,0.486575834296851,ee505e5a-6e99-43cb-97d4-cbf6e9830efc,0.0218848548829555,0.4826627969741821,0.8624494671821594,0.9885653270770624,ee505e5a-6e99-43cb-97d4-cbf6e9830efc,0.1466033458709716,-0.0849841237068176,-0.0070247435942292,0.16960008645441213
22,ee505e5a-6e99-43cb-97d4-cbf6e9830efc,-0.1140412092208862,-0.1203842163085937,0.198394775390625,0.25856961120575006,ee505e5a-6e99-43cb-97d4-cbf6e9830efc,0.0237101633101701,0.4867298305034637,0.8602802753448486,0.988711409812557,ee505e5a-6e99-43cb-97d4-cbf6e9830efc,0.1550788432359695,0.0487150698900222,-0.0009162708884105,0.16255289971617576
22,ee505e5a-6e99-43cb-97d4-cbf6e9830efc,-0.2394163012504577,-0.0573701858520507,0.1354303359985351,0.280985550229589,ee505e5a-6e99-43cb-97d4-cbf6e9830efc,0.0326357297599315,0.489345520734787,0.8565600514411926,0.9870254562295249,ee505e5a-6e99-43cb-97d4-cbf6e9830efc,0.0477987974882125,-0.0064902519807219,0.0060321167111396,0.048613113910849444
22,ee505e5a-6e99-43cb-97d4-cbf6e9830efc,-0.7519364953041077,-0.1984071731567382,0.1341686248779297,0.789161022372435,ee505e5a-6e99-43cb-97d4-cbf6e9830efc,0.0645145699381828,0.5024712085723877,0.8464340567588806,0.9864532718886386,ee505e5a-6e99-43cb-97d4-cbf6e9830efc,0.1195733472704887,-0.3766636848449707,0.0081700822338461,0.3952721430889965
22,ee505e5a-6e99-43cb-97d4-cbf6e9830efc,0.1362854540348053,-0.0157766342163085,0.3894805908203125,0.41293795877154227,ee505e5a-6e99-43cb-97d4-cbf6e9830efc,0.0695479735732078,0.5073308348655701,0.8431932330131531,0.9865071336958032,ee505e5a-6e99-43cb-97d4-cbf6e9830efc,0.2589228749275207,-0.4158342778682709,0.1049893721938133,0.5009810077084857
22,ee505e5a-6e99-43cb-97d4-cbf6e9830efc,0.2731894254684448,0.1402082443237304,-0.1703448295593261,0.3511526376402685,ee505e5a-6e99-43cb-97d4-cbf6e9830efc,0.069931723177433,0.5065609812736511,0.8439865112304688,0.9868169560736517,ee505e5a-6e99-43cb-97d4-cbf6e9830efc,0.0505476109683513,-0.004199574701488,0.0206924509257078,0.054780242127924116
22,ee505e5a-6e99-43cb-97d4-cbf6e9830efc,0.2943072319030761,0.1958379745483398,-0.2192730903625488,0.41599272491570055,ee505e5a-6e99-43cb-97d4-cbf6e9830efc,0.067038856446743,0.503739058971405,0.846686840057373,0.987484608960273,ee505e5a-6e99-43cb-97d4-cbf6e9830efc,-0.0205397382378578,0.019088976085186,0.0214560106396675,0.03530765140065317
22,ee505e5a-6e99-43cb-97d4-cbf6e9830efc,0.3528465032577514,0.1350164413452148,-0.0532202720642089,0.38152652811218335,ee505e5a-6e99-43cb-97d4-cbf6e9830efc,0.0619561970233917,0.5063686966896057,0.845862865447998,0.9877913820643655,ee505e5a-6e99-43cb-97d4-cbf6e9830efc,-0.0397050715982914,0.0368035472929477,0.0062611843459308,0.054499506726055906
22,ee505e5a-6e99-43cb-97d4-cbf6e9830efc,0.2926469445228576,0.1325950622558593,-0.0800533294677734,0.33110756595414065,ee505e5a-6e99-43cb-97d4-cbf6e9830efc,0.0604632906615734,0.5031642913818359,0.8484821915626526,0.9883077167756876,ee505e5a-6e99-43cb-97d4-cbf6e9830efc,0.0268009230494499,0.0703237876296043,-0.0128277922049164,0.07634315185875375
22,ee505e5a-6e99-43cb-97d4-cbf6e9830efc,0.353405624628067,0.3822813034057617,-0.5929741859436035,0.7890835923068237,ee505e5a-6e99-43cb-97d4-cbf6e9830efc,0.0393194556236267,0.4872538149356842,0.8620373010635376,0.9909947568906833,ee505e5a-6e99-43cb-97d4-cbf6e9830efc,-0.1443126648664474,0.2299840003252029,0.0322221927344799,0.2734173647577206
22,ee505e5a-6e99-43cb-97d4-cbf6e9830efc,-0.5519168376922607,-0.379638671875,0.6755099296569824,0.9513418849059577,ee505e5a-6e99-43cb-97d4-cbf6e9830efc,0.0872220695018768,0.512791633605957,0.8409262299537659,0.98879718503276,ee505e5a-6e99-43cb-97d4-cbf6e9830efc,-0.2786227166652679,0.2762556672096252,0.0772721767425537,0.3998984886266786
22,ee505e5a-6e99-43cb-97d4-cbf6e9830efc,0.0583116114139556,0.0234355926513671,-0.0687975883483886,0.09318035839793333,ee505e5a-6e99-43cb-97d4-cbf6e9830efc,0.0603096038103103,0.5044894218444824,0.8508705496788025,0.9910234696390617,ee505e5a-6e99-43cb-97d4-cbf6e9830efc,0.4814240038394928,-0.6553627252578735,0.0694838762283325,0.8161478923491681
22,ee505e5a-6e99-43cb-97d4-cbf6e9830efc,0.1500454396009445,0.0492315292358398,0.1675958633422851,0.23027320909169163,ee505e5a-6e99-43cb-97d4-cbf6e9830efc,0.0852437987923622,0.5102143883705139,0.8436475396156311,0.989609215009823,ee505e5a-6e99-43cb-97d4-cbf6e9830efc,-0.1664558798074722,0.3436015844345093,0.0129041485488414,0.38201587113385144
22,ee505e5a-6e99-43cb-97d4-cbf6e9830efc,-0.0873196199536323,-0.0585145950317382,0.0818219184875488,0.13320473041734734,ee505e5a-6e99-43cb-97d4-cbf6e9830efc,0.078071542084217,0.5096437335014343,0.8456076979637146,0.9903960216177069,ee505e5a-6e99-43cb-97d4-cbf6e9830efc,0.185392141342163,-0.2898470163345337,0.0040468629449605,0.3440899824888241
22,ee505e5a-6e99-43cb-97d4-cbf6e9830efc,0.3516453802585602,0.1282253265380859,-0.0368123054504394,0.3761001909804921,ee505e5a-6e99-43cb-97d4-cbf6e9830efc,0.0763067007064819,0.5102772116661072,0.8453798294067383,0.9903901258020557,ee505e5a-6e99-43cb-97d4-cbf6e9830efc,-0.0290916003286838,0.1164427623152732,0.0034360159188508,0.12007099695883965
22,ee505e5a-6e99-43cb-97d4-cbf6e9830efc,0.190183401107788,0.0678892135620117,-0.1623549461364746,0.25910962913402463,ee505e5a-6e99-43cb-97d4-cbf6e9830efc,0.0711286664009094,0.5126479864120483,0.8450060486793518,0.9909099189436902,ee505e5a-6e99-43cb-97d4-cbf6e9830efc,0.0052685574628412,0.0003817795368377,-0.0054976250976324,0.007624128479250949
22,ee505e5a-6e99-43cb-97d4-cbf6e9830efc,0.3944851756095886,0.2943944931030273,-0.438209056854248,0.6590249227868441,ee505e5a-6e99-43cb-97d4-cbf6e9830efc,0.0513858012855052,0.4959292113780975,0.8575510382652283,0.9919576939071676,ee505e5a-6e99-43cb-97d4-cbf6e9830efc,-0.0410031229257583,0.168670192360878,-0.0161874517798423,0.17433566323573943
22,ee505e5a-6e99-43cb-97d4-cbf6e9830efc,0.2529915571212768,0.3184938430786133,-0.4839181900024414,0.6321549419793154,ee505e5a-6e99-43cb-97d4-cbf6e9830efc,0.0357062332332134,0.4835119247436523,0.8652335405349731,0.9918103629866452,ee505e5a-6e99-43cb-97d4-cbf6e9830efc,-0.4376720488071441,0.3968216478824615,-0.021074229851365,0.5911584945672552
22,ee505e5a-6e99-43cb-97d4-cbf6e9830efc,-0.1158071160316467,-0.2425479888916015,0.436746597290039,0.5128239515499985,ee505e5a-6e99-43cb-97d4-cbf6e9830efc,0.0366273112595081,0.4877198338508606,0.8626282811164856,0.9916348862578376,ee505e5a-6e99-43cb-97d4-cbf6e9830efc,-0.2187596708536148,0.2122694253921508,-0.0465007461607456,0.3083446479863107
22,ee505e5a-6e99-43cb-97d4-cbf6e9830efc,-0.2922631502151489,-0.3488378524780273,0.5038838386535645,0.6789731358098169,ee505e5a-6e99-43cb-97d4-cbf6e9830efc,0.035037811845541,0.4900021255016327,0.8616442680358887,0.9918470526720053,ee505e5a-6e99-43cb-97d4-cbf6e9830efc,0.0637571811676025,-0.0261137206107378,0.0026724566705524,0.06894959448198473
22,ee505e5a-6e99-43cb-97d4-cbf6e9830efc,-0.2089542746543884,-0.2512540817260742,0.3860344886779785,0.5057797237229096,ee505e5a-6e99-43cb-97d4-cbf6e9830efc,0.0335361510515213,0.4908133149147033,0.8612111806869507,0.9918200851289118,ee505e5a-6e99-43cb-97d4-cbf6e9830efc,0.0415376126766204,0.0093917762860655,-0.0044286428019404,0.04281578687525918
22,ee505e5a-6e99-43cb-97d4-cbf6e9830efc,-0.3026003837585449,-0.2497682571411132,0.3859801292419433,0.5503924369899673,ee505e5a-6e99-43cb-97d4-cbf6e9830efc,0.0326977930963039,0.4913247227668762,0.8613380193710327,0.9921553872702249,ee505e5a-6e99-43cb-97d4-cbf6e9830efc,0.0172564350068569,0.0122169451788067,0.0090099973604083,0.02298300135061583
22,ee505e5a-6e99-43cb-97d4-cbf6e9830efc,-0.1879140138626098,-0.2557210922241211,0.4065842628479004,0.5157671145098581,ee505e5a-6e99-43cb-97d4-cbf6e9830efc,0.0203136783093214,0.4945567846298218,0.8622350096702576,0.9942073579746389,ee505e5a-6e99-43cb-97d4-cbf6e9830efc,0.026648212224245,0.0056503373198211,0.0108425384387373,0.029319177450461663
22,ee505e5a-6e99-43cb-97d4-cbf6e9830efc,-0.0458176136016845,-0.1714715957641601,0.3201985359191894,0.36609952782659144,ee505e5a-6e99-43cb-97d4-cbf6e9830efc,0.0093801915645599,0.4985122084617615,0.8609885573387146,0.9949390462975165,ee505e5a-6e99-43cb-97d4-cbf6e9830efc,0.1375933438539505,0.0884201377630233,0.0839151442050933,0.18382546195210575
22,ee505e5a-6e99-43cb-97d4-cbf6e9830efc,0.162132441997528,-0.2219657897949218,0.4036498069763183,0.48835326072361207,ee505e5a-6e99-43cb-97d4-cbf6e9830efc,-0.000738980656024,0.5113451480865479,0.8544041514396667,0.9957313194639408,ee505e5a-6e99-43cb-97d4-cbf6e9830efc,0.138967752456665,0.1401894390583038,-0.0100789796561002,0.19765298094702968
22,ee505e5a-6e99-43cb-97d4-cbf6e9830efc,-0.0706692337989807,-0.1268768310546875,0.24931001663208,0.2885261777678114,ee505e5a-6e99-43cb-97d4-cbf6e9830efc,-0.0077658556401729,0.5232399702072144,0.8481060862541199,0.9965562244437346,ee505e5a-6e99-43cb-97d4-cbf6e9830efc,0.2482330501079559,0.1853157877922058,0.0141258426010608,0.3100985775525821
22,ee505e5a-6e99-43cb-97d4-cbf6e9830efc,-0.420025110244751,0.5568733215332031,-0.936138153076172,1.1674260709425688,ee505e5a-6e99-43cb-97d4-cbf6e9830efc,-0.026838980615139,0.4934532940387726,0.8669192790985107,0.997880514265539,ee505e5a-6e99-43cb-97d4-cbf6e9830efc,0.0867403075098991,0.072843536734581,0.0764322653412818,0.13664535475497958
22,ee505e5a-6e99-43cb-97d4-cbf6e9830efc,0.1936728358268737,0.3414564132690429,-0.5929303169250488,0.711103375205477,ee505e5a-6e99-43cb-97d4-cbf6e9830efc,-0.0343539863824844,0.4923621118068695,0.8675626516342163,0.9981310535364987,ee505e5a-6e99-43cb-97d4-cbf6e9830efc,-0.3599417507648468,0.2311293333768844,0.0099262678995728,0.4278754064974057
22,ee505e5a-6e99-43cb-97d4-cbf6e9830efc,-0.0306348800659179,-0.07720947265625,0.1749334335327148,0.19365305242121572,ee505e5a-6e99-43cb-97d4-cbf6e9830efc,-0.0388774685561656,0.501609206199646,0.8627422451972961,0.9987229019871559,ee505e5a-6e99-43cb-97d4-cbf6e9830efc,0.0112243182957172,0.1037676781415939,0.0345128700137138,0.10993113546527436
22,ee505e5a-6e99-43cb-97d4-cbf6e9830efc,-0.0088595151901245,-0.4817323684692383,0.9382038116455078,1.054689981950405,ee505e5a-6e99-43cb-97d4-cbf6e9830efc,-0.0590507723391056,0.546987771987915,0.8347688317298889,0.9997607808100054,ee505e5a-6e99-43cb-97d4-cbf6e9830efc,0.1570640951395034,0.104913018643856,0.0647498071193695,0.19967075145086371
22,ee505e5a-6e99-43cb-97d4-cbf6e9830efc,-0.0407377481460571,-0.2177820205688476,0.5079066753387451,0.5541279305906885,ee505e5a-6e99-43cb-97d4-cbf6e9830efc,-0.0720805451273918,0.5593833327293396,0.8257375359535217,0.9999738977612559,ee505e5a-6e99-43cb-97d4-cbf6e9830efc,0.4826456904411316,0.348259299993515,0.1682120710611343,0.6184874318723428
22,ee505e5a-6e99-43cb-97d4-cbf6e9830efc,-0.5553194880485535,0.7055244445800781,-1.5540556907653809,1.7947795312257158,ee505e5a-6e99-43cb-97d4-cbf6e9830efc,-0.0093739982694387,0.5025686621665955,0.8628728985786438,0.998605413132228,ee505e5a-6e99-43cb-97d4-cbf6e9830efc,0.0963611528277397,0.1947839260101318,0.0228304155170917,0.21851196186683824
22,ee505e5a-6e99-43cb-97d4-cbf6e9830efc,-0.6921411752700806,0.8952541351318359,-1.879051685333252,2.1934845814659,ee505e5a-6e99-43cb-97d4-cbf6e9830efc,0.0177328009158372,0.4759041368961334,0.8749490976333618,0.9961601895240587,ee505e5a-6e99-43cb-97d4-cbf6e9830efc,-0.7205706834793091,-0.9384140968322754,-0.0975828468799591,1.1871670223808322
22,ee505e5a-6e99-43cb-97d4-cbf6e9830efc,-0.1816812753677368,0.0770673751831054,0.0141849517822265,0.19786025117219738,ee505e5a-6e99-43cb-97d4-cbf6e9830efc,0.0191918741911649,0.4822351634502411,0.871539294719696,0.9962428534967543,ee505e5a-6e99-43cb-97d4-cbf6e9830efc,-0.2317401766777038,-0.3212293088436126,-0.1031568273901939,0.4093080861453493
22,ee505e5a-6e99-43cb-97d4-cbf6e9830efc,0.0448983311653137,-0.045180320739746,0.0992112159729003,0.11789820566233385,ee505e5a-6e99-43cb-97d4-cbf6e9830efc,0.0071045979857444,0.4914152324199676,0.8672878742218018,0.996858898108996,ee505e5a-6e99-43cb-97d4-cbf6e9830efc,0.0801737010478973,0.0142021989449858,0.019088976085186,0.08362962275755742
22,ee505e5a-6e99-43cb-97d4-cbf6e9830efc,0.2452607750892639,-0.1774883270263672,0.4158453941345215,0.5143756855168221,ee505e5a-6e99-43cb-97d4-cbf6e9830efc,-0.0175057724118232,0.5150620341300964,0.854787290096283,0.998126576331937,ee505e5a-6e99-43cb-97d4-cbf6e9830efc,0.0995681062340736,0.1905079931020736,-0.0008399150101467,0.21496001644967314
22,ee505e5a-6e99-43cb-97d4-cbf6e9830efc,0.2316107153892517,-0.1596803665161132,0.3978166580200195,0.4872365301699559,ee505e5a-6e99-43cb-97d4-cbf6e9830efc,-0.0238248631358146,0.5213114619255066,0.851012110710144,0.9982759523366691,ee505e5a-6e99-43cb-97d4-cbf6e9830efc,0.2743467688560486,0.3393256664276123,0.0280989743769168,0.43726148908785917
22,ee505e5a-6e99-43cb-97d4-cbf6e9830efc,-0.3353076577186584,0.2104711532592773,-0.4070987701416015,0.5678545063040952,ee505e5a-6e99-43cb-97d4-cbf6e9830efc,-0.0108413491398096,0.5171537399291992,0.8531909584999084,0.9977476320392454,ee505e5a-6e99-43cb-97d4-cbf6e9830efc,0.0199288912117481,0.0297024473547935,-0.0078646587207913,0.03662306569074316
22,ee505e5a-6e99-43cb-97d4-cbf6e9830efc,-0.0743804574012756,0.0213727951049804,0.04032564163208,0.08726629467819401,ee505e5a-6e99-43cb-97d4-cbf6e9830efc,-0.0144462417811155,0.5228452086448669,0.8496749401092529,0.9977591442598536,ee505e5a-6e99-43cb-97d4-cbf6e9830efc,-0.0203106720000505,-0.1207186877727508,0.0051922015845775,0.12252544197824147
22,ee505e5a-6e99-43cb-97d4-cbf6e9830efc,-0.1868928670883178,0.0172986984252929,0.0851931571960449,0.20612147575818215,ee505e5a-6e99-43cb-97d4-cbf6e9830efc,-0.0170136764645576,0.5287439227104187,0.8462363481521606,0.9979857503611695,ee505e5a-6e99-43cb-97d4-cbf6e9830efc,0.0705528557300567,0.0397814288735389,-0.0034360159188508,0.08106832760259228
22,ee505e5a-6e99-43cb-97d4-cbf6e9830efc,-0.4153130650520324,0.1890687942504882,-0.3056797981262207,0.5492468388117806,ee505e5a-6e99-43cb-97d4-cbf6e9830efc,-0.006458715070039,0.5239698886871338,0.8485867977142334,0.997339316635046,ee505e5a-6e99-43cb-97d4-cbf6e9830efc,0.0083227939903736,-0.0494022704660892,0.0149657577276229,0.05228601276988649
22,ee505e5a-6e99-43cb-97d4-cbf6e9830efc,-0.3606775999069214,0.3740530014038086,-0.6436481475830078,0.8272163663884149,ee505e5a-6e99-43cb-97d4-cbf6e9830efc,0.022686680778861,0.4980292022228241,0.8604374527931213,0.9944347047044263,ee505e5a-6e99-43cb-97d4-cbf6e9830efc,-0.1479777544736862,-0.3043546378612518,0.0157293174415826,0.33878691361076263
22,ee505e5a-6e99-43cb-97d4-cbf6e9830efc,0.3662782609462738,-0.0175342559814453,-0.2621102333068847,0.4507427081815512,ee505e5a-6e99-43cb-97d4-cbf6e9830efc,0.0261780489236116,0.4939978718757629,0.8621733784675598,0.9940131398534909,ee505e5a-6e99-43cb-97d4-cbf6e9830efc,-0.4178958833217621,-0.4966188073158264,-0.0980409830808639,0.6564139269093336
22,ee505e5a-6e99-43cb-97d4-cbf6e9830efc,0.2546636462211609,-0.2274904251098632,0.5478096008300781,0.6455236827452053,ee505e5a-6e99-43cb-97d4-cbf6e9830efc,0.019961966201663,0.5020447969436646,0.85826575756073,0.9945187624344427,ee505e5a-6e99-43cb-97d4-cbf6e9830efc,0.0125987250357866,-0.0122169451788067,-0.0226013492792844,0.028614727174543074
22,ee505e5a-6e99-43cb-97d4-cbf6e9830efc,0.1510276198387146,-0.3011903762817383,0.5693764686584473,0.661599990765452,ee505e5a-6e99-43cb-97d4-cbf6e9830efc,0.0149846598505973,0.5107459425926208,0.8550691604614258,0.996107035954405,ee505e5a-6e99-43cb-97d4-cbf6e9830efc,0.0878092944622039,0.0805554836988449,0.0100789796561002,0.1195878086546157
22,ee505e5a-6e99-43cb-97d4-cbf6e9830efc,0.1980108022689819,-0.2489280700683593,0.3969845771789551,0.5086946199844437,ee505e5a-6e99-43cb-97d4-cbf6e9830efc,0.0137493954971432,0.5134927034378052,0.8536206483840942,0.9962590093485147,ee505e5a-6e99-43cb-97d4-cbf6e9830efc,0.1160609796643257,0.1592020690441131,0.1062874197959899,0.22385813676401972
22,ee505e5a-6e99-43cb-97d4-cbf6e9830efc,0.0201247334480285,0.0452737808227539,-0.0156755447387695,0.051965785178308625,ee505e5a-6e99-43cb-97d4-cbf6e9830efc,0.0241910219192504,0.5007142424583435,0.8588227033615112,0.9944226435230167,ee505e5a-6e99-43cb-97d4-cbf6e9830efc,-0.0123696569353342,-0.0283280424773693,-0.012751436792314,0.03343778616424658
22,ee505e5a-6e99-43cb-97d4-cbf6e9830efc,0.2607740759849548,-0.1303205490112304,0.3445076942443847,0.4513004715197824,ee505e5a-6e99-43cb-97d4-cbf6e9830efc,0.0167556460946798,0.5043582320213318,0.8586143255233765,0.995929986433633,ee505e5a-6e99-43cb-97d4-cbf6e9830efc,-0.0790283605456352,-0.089947260916233,-0.0804027691483497,0.14422412004788457
22,ee505e5a-6e99-43cb-97d4-cbf6e9830efc,-0.073591411113739,-0.1170606613159179,0.0524377822875976,0.14788040853565718,ee505e5a-6e99-43cb-97d4-cbf6e9830efc,0.0233215633779764,0.5030690431594849,0.8590331673622131,0.9957712288131991,ee505e5a-6e99-43cb-97d4-cbf6e9830efc,0.0710873529314994,0.1230857223272323,0.0481805764138698,0.150082892866565
22,ee505e5a-6e99-43cb-97d4-cbf6e9830efc,0.0103231072425842,-0.1339349746704101,0.2709240913391113,0.3023987553728163,ee505e5a-6e99-43cb-97d4-cbf6e9830efc,0.0147530268877744,0.5101454257965088,0.8565895557403564,0.9971016368790665,ee505e5a-6e99-43cb-97d4-cbf6e9830efc,0.0540599822998046,-0.0122169451788067,0.0471115931868553,0.07274089392055136
22,ee505e5a-6e99-43cb-97d4-cbf6e9830efc,0.0797516703605651,-0.0638179779052734,0.1405930519104004,0.17377994554809464,ee505e5a-6e99-43cb-97d4-cbf6e9830efc,0.0100965583696961,0.5107623338699341,0.8565772175788879,0.997348801506456,ee505e5a-6e99-43cb-97d4-cbf6e9830efc,0.1326302140951156,0.1464506238698959,0.0750578567385673,0.21135808662311745
22,ee505e5a-6e99-43cb-97d4-cbf6e9830efc,-0.030811071395874,0.0778303146362304,0.0291895866394042,0.08865050459594434,ee505e5a-6e99-43cb-97d4-cbf6e9830efc,-0.0005780920619145,0.5187620520591736,0.8517749309539795,0.9973138592482976,ee505e5a-6e99-43cb-97d4-cbf6e9830efc,0.0284807533025741,0.0263427887111902,-0.016798298805952,0.04227621871145223
22,ee505e5a-6e99-43cb-97d4-cbf6e9830efc,0.3584447205066681,-0.1064662933349609,-0.0407395362854003,0.3761348150495229,ee505e5a-6e99-43cb-97d4-cbf6e9830efc,0.0126950610429048,0.5161305069923401,0.8528909683227539,0.9969828828368007,ee505e5a-6e99-43cb-97d4-cbf6e9830efc,0.0931542068719863,0.1265980899333953,-0.0634517595171928,0.16950194222651413
22,ee505e5a-6e99-43cb-97d4-cbf6e9830efc,-0.2416735887527465,0.1208257675170898,-0.0916938781738281,0.2853292079182962,ee505e5a-6e99-43cb-97d4-cbf6e9830efc,0.0044176368974149,0.5205053091049194,0.8504688739776611,0.9971171435327927,ee505e5a-6e99-43cb-97d4-cbf6e9830efc,-0.0277171935886144,-0.0262664314359426,0.0010689827613532,0.038200928849333904
22,ee505e5a-6e99-43cb-97d4-cbf6e9830efc,-0.0963335633277893,0.0007696151733398,-0.0345497131347656,0.10234466477857466,ee505e5a-6e99-43cb-97d4-cbf6e9830efc,0.008167983032763,0.5206294655799866,0.850175142288208,0.9969551288506924,ee505e5a-6e99-43cb-97d4-cbf6e9830efc,0.0164165198802948,-0.0185544863343238,-0.0119878770783543,0.027522359727255502
22,ee505e5a-6e99-43cb-97d4-cbf6e9830efc,-0.1294620633125305,0.0372772216796875,-0.0236802101135253,0.13678731463229668,ee505e5a-6e99-43cb-97d4-cbf6e9830efc,0.0048878486268222,0.521716296672821,0.8496893644332886,0.99708765979188,ee505e5a-6e99-43cb-97d4-cbf6e9830efc,-0.0148130459710955,-0.0904053971171379,0.0071010994724929,0.09188573214905257
22,ee505e5a-6e99-43cb-97d4-cbf6e9830efc,0.0835667252540588,-0.0197134017944335,-0.02911376953125,0.09066216055397568,ee505e5a-6e99-43cb-97d4-cbf6e9830efc,0.0074670542962849,0.5203450322151184,0.8502978086471558,0.9969057492265612,ee505e5a-6e99-43cb-97d4-cbf6e9830efc,0.0029015245381742,-0.0057266931980848,0.0070247435942292,0.009516348154375284
22,ee505e5a-6e99-43cb-97d4-cbf6e9830efc,-0.0556554198265075,0.0355072021484375,-0.0456023216247558,0.08023626921811905,ee505e5a-6e99-43cb-97d4-cbf6e9830efc,0.0137648144736886,0.5181712508201599,0.8511922955513,0.9966038527418585,ee505e5a-6e99-43cb-97d4-cbf6e9830efc,-0.013820419088006,-0.0040468629449605,-0.0196998249739408,0.024402134895687235
22,ee505e5a-6e99-43cb-97d4-cbf6e9830efc,-0.1207684874534607,-0.0048131942749023,-0.0450491905212402,0.12898691393914208,ee505e5a-6e99-43cb-97d4-cbf6e9830efc,0.02097138017416,0.5148153901100159,0.8531373143196106,0.9966533809529846,ee505e5a-6e99-43cb-97d4-cbf6e9830efc,-0.031764056533575,-0.1582857966423034,0.000687203137204,0.1614429340488724
22,ee505e5a-6e99-43cb-97d4-cbf6e9830efc,-0.2373980581760406,0.0901498794555664,-0.2184119224548339,0.33494567718067997,ee505e5a-6e99-43cb-97d4-cbf6e9830efc,0.0199137739837169,0.5141198039054871,0.8546803593635559,0.9975942300574457,ee505e5a-6e99-43cb-97d4-cbf6e9830efc,-0.048333290964365,-0.0191653333604335,0.0620773509144783,0.08097539450241532
22,ee505e5a-6e99-43cb-97d4-cbf6e9830efc,-0.290785014629364,-0.0694141387939453,0.0173344612121582,0.2994573942032829,ee505e5a-6e99-43cb-97d4-cbf6e9830efc,0.0293157156556844,0.5111817717552185,0.8559442758560181,0.9974000292409723,ee505e5a-6e99-43cb-97d4-cbf6e9830efc,-0.0774248912930488,-0.0614665038883686,0.1605001240968704,0.18850208149277836
22,ee505e5a-6e99-43cb-97d4-cbf6e9830efc,-0.8067880272865295,-0.3190155029296875,1.116607904434204,1.4140336008480547,ee505e5a-6e99-43cb-97d4-cbf6e9830efc,0.120701678097248,0.537711501121521,0.8284217119216919,0.9949799426707645,ee505e5a-6e99-43cb-97d4-cbf6e9830efc,0.0334438867866992,-0.2254789918661117,0.0237466879189014,0.22917935012447635
22,ee505e5a-6e99-43cb-97d4-cbf6e9830efc,-1.9447166919708248,-0.6733922958374023,1.6449685096740725,2.634635002033954,ee505e5a-6e99-43cb-97d4-cbf6e9830efc,0.2449764162302017,0.554721474647522,0.78204345703125,0.9896066529836504,ee505e5a-6e99-43cb-97d4-cbf6e9830efc,0.787611186504364,-1.5240639448165894,0.3469612300395965,1.750281230016281
22,ee505e5a-6e99-43cb-97d4-cbf6e9830efc,0.5768237113952637,0.2016992568969726,0.1099534034729003,0.6208848002615879,ee505e5a-6e99-43cb-97d4-cbf6e9830efc,0.2592424154281616,0.5618589520454407,0.7712149620056152,0.9887692499122083,ee505e5a-6e99-43cb-97d4-cbf6e9830efc,0.3826194405555725,-1.11105477809906,0.1936385780572891,1.1909392323455716
22,ee505e5a-6e99-43cb-97d4-cbf6e9830efc,4.160738468170166,1.3083019256591797,-3.9572715759277344,5.889261146768762,ee505e5a-6e99-43cb-97d4-cbf6e9830efc,-0.0153922475874423,0.4780816733837127,0.8752077221870422,0.9973903772781223,ee505e5a-6e99-43cb-97d4-cbf6e9830efc,0.0224486365914344,0.0441337153315544,-0.07437065243721,0.08934606906695591
22,ee505e5a-6e99-43cb-97d4-cbf6e9830efc,3.225986957550049,1.273630142211914,-2.40207576751709,4.218897199781784,ee505e5a-6e99-43cb-97d4-cbf6e9830efc,-0.0088539803400635,0.4701771736145019,0.876719057559967,0.9948775168053706,ee505e5a-6e99-43cb-97d4-cbf6e9830efc,-1.6304277181625366,2.75942611694336,-0.7423321604728699,3.2899519868068174
22,ee505e5a-6e99-43cb-97d4-cbf6e9830efc,-0.0796562433242797,-0.3006529808044433,0.3673462867736816,0.48133213727481955,ee505e5a-6e99-43cb-97d4-cbf6e9830efc,-0.0161723904311656,0.4810962378978729,0.8724608421325684,0.9964452104287597,ee505e5a-6e99-43cb-97d4-cbf6e9830efc,0.0242811776697635,-0.1682884246110916,-0.0392469353973865,0.17450183777026623
22,ee505e5a-6e99-43cb-97d4-cbf6e9830efc,0.6844889521598816,0.123422622680664,0.0086555480957031,0.6955811871601641,ee505e5a-6e99-43cb-97d4-cbf6e9830efc,-0.0297957099974155,0.4812644124031067,0.8729409575462341,0.9972608156052727,ee505e5a-6e99-43cb-97d4-cbf6e9830efc,0.1024696305394172,0.1742441803216934,0.0945286154747009,0.22315178400010008
22,ee505e5a-6e99-43cb-97d4-cbf6e9830efc,0.7082281112670898,0.1477727890014648,0.0994534492492675,0.7302840839877297,ee505e5a-6e99-43cb-97d4-cbf6e9830efc,-0.0286653321236372,0.4873736500740051,0.86960369348526,0.9972789779070966,ee505e5a-6e99-43cb-97d4-cbf6e9830efc,-0.0190126206725835,0.1669903695583343,0.0091627091169357,0.16831880022276235
22,ee505e5a-6e99-43cb-97d4-cbf6e9830efc,0.3201961517333984,0.1220588684082031,0.3156228065490722,0.4658773432523646,ee505e5a-6e99-43cb-97d4-cbf6e9830efc,-0.0198050066828727,0.48812997341156,0.8689789175987244,0.9968888947438072,ee505e5a-6e99-43cb-97d4-cbf6e9830efc,0.070858284831047,-0.0051158457063138,-7.63559073675e-05,0.07104276343663149
22,ee505e5a-6e99-43cb-97d4-cbf6e9830efc,0.3071579337120056,0.1138601303100586,0.0471882820129394,0.33096353194239553,ee505e5a-6e99-43cb-97d4-cbf6e9830efc,-0.0109995445236563,0.4890735447406769,0.868126392364502,0.9964724558485016,ee505e5a-6e99-43cb-97d4-cbf6e9830efc,0.0219905003905296,-0.0685676038265228,-0.0170273669064044,0.07399344312641616
22,ee505e5a-6e99-43cb-97d4-cbf6e9830efc,0.3289124369621277,0.0982570648193359,-0.0243973731994628,0.34414106670711453,ee505e5a-6e99-43cb-97d4-cbf6e9830efc,-0.0081826820969581,0.4901089966297149,0.8677156567573547,0.9965963304395282,ee505e5a-6e99-43cb-97d4-cbf6e9830efc,-0.0125223686918616,0.0074828788638114,-0.0114533863961696,0.018546785535109685
22,ee505e5a-6e99-43cb-97d4-cbf6e9830efc,0.2523941397666931,0.0107641220092773,0.15159273147583,0.2946167414582931,ee505e5a-6e99-43cb-97d4-cbf6e9830efc,-0.0061539402231574,0.4903324246406555,0.8674598336219788,0.9964689260492399,ee505e5a-6e99-43cb-97d4-cbf6e9830efc,0.0155002493411302,0.1619508862495422,-0.0113006746396422,0.16308296212038956
22,ee505e5a-6e99-43cb-97d4-cbf6e9830efc,-0.0593543648719787,0.0246524810791015,0.1293349266052246,0.14442371236292978,ee505e5a-6e99-43cb-97d4-cbf6e9830efc,-0.0084450952708721,0.4919869899749756,0.8664563894271851,0.9964282175440259,ee505e5a-6e99-43cb-97d4-cbf6e9830efc,0.0312295667827129,0.021074229851365,-0.023364907130599,0.04433201879551173
22,ee505e5a-6e99-43cb-97d4-cbf6e9830efc,0.2425891160964965,-0.0857343673706054,0.0604081153869628,0.2642896165223333,ee505e5a-6e99-43cb-97d4-cbf6e9830efc,-0.0173914860934019,0.5027026534080505,0.860779345035553,0.9969721673005055,ee505e5a-6e99-43cb-97d4-cbf6e9830efc,0.0185544863343238,0.0122933015227317,-0.0133622838184237,0.02596044788333811
22,ee505e5a-6e99-43cb-97d4-cbf6e9830efc,-0.2090291976928711,-0.0065231323242187,0.0699591636657714,0.2205222014316446,ee505e5a-6e99-43cb-97d4-cbf6e9830efc,-0.0006372493226081,0.500395655632019,0.8619187474250793,0.9966444428304987,ee505e5a-6e99-43cb-97d4-cbf6e9830efc,0.136753425002098,0.1811925619840622,0.0029015245381742,0.2270256871210795
22,ee505e5a-6e99-43cb-97d4-cbf6e9830efc,-0.2656474709510803,0.0775432586669921,-0.1009535789489746,0.29457284479396256,ee505e5a-6e99-43cb-97d4-cbf6e9830efc,-0.0057582557201385,0.504077672958374,0.8598913550376892,0.9967650677830866,ee505e5a-6e99-43cb-97d4-cbf6e9830efc,0.0032833039294928,-0.2701472043991089,0.072843536734581,0.27981506923922017
22,ee505e5a-6e99-43cb-97d4-cbf6e9830efc,0.2112966775894165,0.0549936294555664,-0.1470074653625488,0.26321432353377533,ee505e5a-6e99-43cb-97d4-cbf6e9830efc,-0.0021600017789751,0.5026280879974365,0.8608201742172241,0.9968204616634914,ee505e5a-6e99-43cb-97d4-cbf6e9830efc,0.0080937258899211,0.0346655808389186,-0.0090863527730107,0.03673925285571794
22,ee505e5a-6e99-43cb-97d4-cbf6e9830efc,-0.2004675269126892,0.0932855606079101,-0.0667500495910644,0.23096535299657261,ee505e5a-6e99-43cb-97d4-cbf6e9830efc,-0.0023263068869709,0.500091552734375,0.8618801236152649,0.9964608975283851,ee505e5a-6e99-43cb-97d4-cbf6e9830efc,-0.0810136198997497,-0.0177145712077617,0.0295497365295887,0.08803521778983732
22,ee505e5a-6e99-43cb-97d4-cbf6e9830efc,0.2231567502021789,-0.0753259658813476,0.163790225982666,0.2868800697577446,ee505e5a-6e99-43cb-97d4-cbf6e9830efc,-0.0006985665531829,0.5020139813423157,0.8610444664955139,0.996702612989921,ee505e5a-6e99-43cb-97d4-cbf6e9830efc,-0.0135149955749511,-0.019088976085186,-0.0272590592503547,0.03591796799077168
22,ee505e5a-6e99-43cb-97d4-cbf6e9830efc,-0.0853056907653808,-0.0032110214233398,0.0198588371276855,0.08764556433501848,ee505e5a-6e99-43cb-97d4-cbf6e9830efc,0.0052421740256249,0.5007654428482056,0.8611387610435486,0.9961694007100862,ee505e5a-6e99-43cb-97d4-cbf6e9830efc,0.060702946037054,0.0355054959654808,0.0214560106396675,0.07352447411509849
22,ee505e5a-6e99-43cb-97d4-cbf6e9830efc,0.0556413531303405,0.0270271301269531,-0.0942158699035644,0.11270783505488817,ee505e5a-6e99-43cb-97d4-cbf6e9830efc,0.0059721791185438,0.5013805031776428,0.8610628247261047,0.996417213829322,ee505e5a-6e99-43cb-97d4-cbf6e9830efc,-0.0125987250357866,-0.0526092201471328,-0.008399149402976,0.05474489590555773
22,ee505e5a-6e99-43cb-97d4-cbf6e9830efc,-0.0254909992218017,-0.0099248886108398,-0.0201001167297363,0.03394567936884601,ee505e5a-6e99-43cb-97d4-cbf6e9830efc,0.0096181640401482,0.5042062997817993,0.8591141104698181,0.9961895184288498,ee505e5a-6e99-43cb-97d4-cbf6e9830efc,-0.0324512608349323,0.0268009230494499,0.0288625322282314,0.05103351421081094
22,ee505e5a-6e99-43cb-97d4-cbf6e9830efc,-0.0342794060707092,-0.0343847274780273,0.1374435424804687,0.14576733013223225,ee505e5a-6e99-43cb-97d4-cbf6e9830efc,0.0095210717990994,0.5019769072532654,0.8605838418006897,0.9963312777345653,ee505e5a-6e99-43cb-97d4-cbf6e9830efc,0.0473406612873077,-0.0410794764757156,0.0030542362947016,0.06275340594726582
22,ee505e5a-6e99-43cb-97d4-cbf6e9830efc,0.0133464932441711,-0.0072708129882812,-0.0144581794738769,0.020976952999091615,ee505e5a-6e99-43cb-97d4-cbf6e9830efc,0.01045439299196,0.5033954977989197,0.8600162267684937,0.9965662205002583,ee505e5a-6e99-43cb-97d4-cbf6e9830efc,0.0092390645295381,-0.0009926267666742,0.0142021989449858,0.016971979146576954
22,ee505e5a-6e99-43cb-97d4-cbf6e9830efc,-0.0217854976654052,-0.0141468048095703,0.051027774810791,0.05725883160692553,ee505e5a-6e99-43cb-97d4-cbf6e9830efc,0.0126482937484979,0.5052961111068726,0.8586732745170593,0.9963954694820357,ee505e5a-6e99-43cb-97d4-cbf6e9830efc,0.0184781290590763,-0.0338256657123565,0.0137440636754035,0.04092085288360344
22,ee505e5a-6e99-43cb-97d4-cbf6e9830efc,0.0157806873321533,-0.0060033798217773,-0.011031150817871,0.020168216339734223,ee505e5a-6e99-43cb-97d4-cbf6e9830efc,0.0038798586465418,0.5074654817581177,0.8591915369033813,0.9978709162840202,ee505e5a-6e99-43cb-97d4-cbf6e9830efc,0.0328330397605896,-0.0044286428019404,0.0014507622690871,0.03316211826993328
22,ee505e5a-6e99-43cb-97d4-cbf6e9830efc,-0.0034236311912536,-0.0004100799560546,-0.0300731658935546,0.03027019529116616,ee505e5a-6e99-43cb-97d4-cbf6e9830efc,0.0065150246955454,0.5102571249008179,0.8574329614639282,0.9977956015455444,ee505e5a-6e99-43cb-97d4-cbf6e9830efc,0.0125987250357866,-0.0081700822338461,0.0159583855420351,0.02191228389153898
22,ee505e5a-6e99-43cb-97d4-cbf6e9830efc,0.0391506552696228,-0.007695198059082,0.0950613021850586,0.1030953008353357,ee505e5a-6e99-43cb-97d4-cbf6e9830efc,0.0023367013782262,0.510642945766449,0.8573506474494934,0.9979037082386422,ee505e5a-6e99-43cb-97d4-cbf6e9830efc,0.0345892272889614,-0.0199288912117481,0.0055739814415574,0.040306880535312443
22,ee505e5a-6e99-43cb-97d4-cbf6e9830efc,0.0627093911170959,0.013279914855957,-0.0359907150268554,0.0735129610409123,ee505e5a-6e99-43cb-97d4-cbf6e9830efc,0.0010522906668484,0.5129207372665405,0.8560256361961365,0.9979322020351379,ee505e5a-6e99-43cb-97d4-cbf6e9830efc,0.0238230433315038,0.046042613685131,-0.0196234676986932,0.05543049840164325
22,ee505e5a-6e99-43cb-97d4-cbf6e9830efc,0.0212281942367553,0.005192756652832,-0.0616297721862793,0.06538982926986144,ee505e5a-6e99-43cb-97d4-cbf6e9830efc,0.002141221659258,0.5144712328910828,0.8550558090209961,0.9979006317480789,ee505e5a-6e99-43cb-97d4-cbf6e9830efc,0.0075592347420752,0.0089336410164833,-0.0216850768774747,0.02464131755566608
22,ee505e5a-6e99-43cb-97d4-cbf6e9830efc,-0.0698497891426086,0.0086584091186523,0.0210938453674316,0.07347728495336472,ee505e5a-6e99-43cb-97d4-cbf6e9830efc,0.0020146255847066,0.5133448243141174,0.8557394742965698,0.9979063158612177,ee505e5a-6e99-43cb-97d4-cbf6e9830efc,0.0090099973604083,-0.0216087214648723,-0.000152711814735,0.0234123945097326
22,ee505e5a-6e99-43cb-97d4-cbf6e9830efc,0.0005342364311218,0.0170297622680664,-0.0904240608215332,0.09201526496689304,ee505e5a-6e99-43cb-97d4-cbf6e9830efc,0.0043836198747158,0.5143786072731018,0.8550342917442322,0.997841774933272,ee505e5a-6e99-43cb-97d4-cbf6e9830efc,-0.0145076224580407,-0.0056503373198211,0.0123696569353342,0.019884814153284698
22,ee505e5a-6e99-43cb-97d4-cbf6e9830efc,-0.0685661435127258,0.0108461380004882,0.1219353675842285,0.14031104237954428,ee505e5a-6e99-43cb-97d4-cbf6e9830efc,0.0007251838687807,0.5123200416564941,0.8563967943191528,0.9979417920373296,ee505e5a-6e99-43cb-97d4-cbf6e9830efc,0.0053449133411049,0.0114533863961696,0.012675080448389,0.017899883321882776
22,ee505e5a-6e99-43cb-97d4-cbf6e9830efc,0.0956830382347107,-0.0243339538574218,-0.069159984588623,0.12054247626649625,ee505e5a-6e99-43cb-97d4-cbf6e9830efc,0.0002990208449773,0.5157498121261597,0.8543409109115601,0.9979460657664967,ee505e5a-6e99-43cb-97d4-cbf6e9830efc,-0.0122169451788067,0.0268772803246974,0.0014507622690871,0.029559205982497925
22,ee505e5a-6e99-43cb-97d4-cbf6e9830efc,-0.0786592364311218,-0.0062513351440429,0.0420212745666503,0.08939878177702466,ee505e5a-6e99-43cb-97d4-cbf6e9830efc,0.0045060799457132,0.5152547955513,0.8544997572898865,0.9978364817461647,ee505e5a-6e99-43cb-97d4-cbf6e9830efc,0.023517619818449,0.0348182953894138,0.0029015245381742,0.04211663543536219
22,ee505e5a-6e99-43cb-97d4-cbf6e9830efc,-0.0694506764411926,0.003580093383789,-0.0299873352050781,0.07573277889710367,ee505e5a-6e99-43cb-97d4-cbf6e9830efc,0.0076528843492269,0.514656126499176,0.8547413349151611,0.9977535992390858,ee505e5a-6e99-43cb-97d4-cbf6e9830efc,0.0058794049546122,-0.0463480353355407,0.0316877029836177,0.05645191141549436
22,ee505e5a-6e99-43cb-97d4-cbf6e9830efc,0.0141525864601135,0.0086174011230468,-0.0135235786437988,0.021387905109231414,ee505e5a-6e99-43cb-97d4-cbf6e9830efc,0.006156385410577,0.5152649283409119,0.8544447422027588,0.9978034199868366,ee505e5a-6e99-43cb-97d4-cbf6e9830efc,-0.011606098152697,-0.042912021279335,0.0149657577276229,0.04690540468826637
22,ee505e5a-6e99-43cb-97d4-cbf6e9830efc,0.0026332139968872,-0.0123414993286132,0.0291252136230468,0.03174152627426214,ee505e5a-6e99-43cb-97d4-cbf6e9830efc,0.0109441559761762,0.5155150294303894,0.8540323376655579,0.997620546048017,ee505e5a-6e99-43cb-97d4-cbf6e9830efc,0.003665083553642,0.0316113457083702,-0.004199574701488,0.032099009994432076
22,ee505e5a-6e99-43cb-97d4-cbf6e9830efc,0.0338705778121948,-0.023320198059082,0.0715641975402832,0.08253776134855749,ee505e5a-6e99-43cb-97d4-cbf6e9830efc,0.0083275903016328,0.5172674059867859,0.8528883457183838,0.9975236580245962,ee505e5a-6e99-43cb-97d4-cbf6e9830efc,0.0150421140715479,-0.0306950751692056,0.0094681326299905,0.03546968241870418
22,ee505e5a-6e99-43cb-97d4-cbf6e9830efc,0.0114030838012695,0.0037498474121093,0.0035262107849121,0.012511028666440984,ee505e5a-6e99-43cb-97d4-cbf6e9830efc,0.0143082551658153,0.5141008496284485,0.8543012142181396,0.997163464216961,ee505e5a-6e99-43cb-97d4-cbf6e9830efc,0.037490751594305,0.0596339628100395,-0.0112243182957172,0.07132847465590883
22,ee505e5a-6e99-43cb-97d4-cbf6e9830efc,-0.0150542855262756,0.0380811691284179,-0.0986056327819824,0.10677021013011523,ee505e5a-6e99-43cb-97d4-cbf6e9830efc,0.0120917716994881,0.5153050422668457,0.8536483645439148,0.9971965843387995,ee505e5a-6e99-43cb-97d4-cbf6e9830efc,-0.0352000743150711,-0.0535254925489425,-0.004199574701488,0.06420015585702893
22,ee505e5a-6e99-43cb-97d4-cbf6e9830efc,-0.008804976940155,0.0006771087646484,-0.0129032135009765,0.015635824693555733,ee505e5a-6e99-43cb-97d4-cbf6e9830efc,0.013641539029777,0.5150659084320068,0.8538808822631836,0.9972921050076262,ee505e5a-6e99-43cb-97d4-cbf6e9830efc,-0.0132859274744987,0.0193180441856384,-0.0025961007922887,0.023589032183191385
22,ee505e5a-6e99-43cb-97d4-cbf6e9830efc,-0.0211289525032043,-0.0077362060546875,0.059333324432373,0.06345648041138491,ee505e5a-6e99-43cb-97d4-cbf6e9830efc,0.0105026047676801,0.5150502920150757,0.8539708852767944,0.9973231075795611,ee505e5a-6e99-43cb-97d4-cbf6e9830efc,-0.0014507622690871,-0.0102316914126276,0.0236703306436538,0.02582782943076209
22,ee505e5a-6e99-43cb-97d4-cbf6e9830efc,0.0633025765419006,0.0116968154907226,-0.057131290435791,0.08606983232425805,ee505e5a-6e99-43cb-97d4-cbf6e9830efc,0.0105942524969577,0.5151406526565552,0.8537093997001648,0.9971468644797549,ee505e5a-6e99-43cb-97d4-cbf6e9830efc,0.0026724566705524,0.028938889503479,-0.0100789796561002,0.0307601557417811
22,ee505e5a-6e99-43cb-97d4-cbf6e9830efc,-0.0186721086502075,-0.0248394012451171,0.0427260398864746,0.05283141092230736,ee505e5a-6e99-43cb-97d4-cbf6e9830efc,0.004585585091263,0.515540599822998,0.8542869091033936,0.9978022152320146,ee505e5a-6e99-43cb-97d4-cbf6e9830efc,-0.0061084725894033,0.0387887991964817,-0.0052685574628412,0.0396187086894529
22,ee505e5a-6e99-43cb-97d4-cbf6e9830efc,0.2357728481292724,0.0288028717041015,0.0018033981323242,0.23753251057111224,ee505e5a-6e99-43cb-97d4-cbf6e9830efc,-0.0075318911112844,0.5159047245979309,0.8537623882293701,0.997559336481443,ee505e5a-6e99-43cb-97d4-cbf6e9830efc,0.0046577104367315,-0.0040468629449605,-0.0089336410164833,0.01085731587544199
22,ee505e5a-6e99-43cb-97d4-cbf6e9830efc,-0.3660760521888733,0.8217144012451172,-1.603151798248291,1.8382932087745256,ee505e5a-6e99-43cb-97d4-cbf6e9830efc,-0.0101843141019344,0.4498128294944763,0.8930291533470154,0.9999681847735161,ee505e5a-6e99-43cb-97d4-cbf6e9830efc,-0.0679567605257034,0.1232384368777275,-0.0684912502765655,0.15651480757315123
22,ee505e5a-6e99-43cb-97d4-cbf6e9830efc,-1.044697403907776,0.2424864768981933,-0.5255947113037109,1.1943375392913749,ee505e5a-6e99-43cb-97d4-cbf6e9830efc,0.0483637973666191,0.443205714225769,0.8949719071388245,0.9998725301686201,ee505e5a-6e99-43cb-97d4-cbf6e9830efc,-1.171070575714111,0.0626882016658783,0.4686725735664367,1.2629291686966726
22,ee505e5a-6e99-43cb-97d4-cbf6e9830efc,-0.2913632690906524,-0.2848954200744629,1.3731656074523926,1.4323553122199446,ee505e5a-6e99-43cb-97d4-cbf6e9830efc,0.0222120005637407,0.4412673413753509,0.8971004486083984,0.9999997272134147,ee505e5a-6e99-43cb-97d4-cbf6e9830efc,-0.0445154942572116,-0.3158080279827118,0.38422292470932,0.4993431642062169
22,ee505e5a-6e99-43cb-97d4-cbf6e9830efc,0.7324740290641785,-0.8162293434143066,1.322364330291748,1.7179627371779647,ee505e5a-6e99-43cb-97d4-cbf6e9830efc,-0.0053557292558252,0.4603880047798157,0.8875859975814819,0.9998973456729024,ee505e5a-6e99-43cb-97d4-cbf6e9830efc,0.0211505871266126,0.1895917207002639,-0.1203369125723838,0.2255511924626887
22,ee505e5a-6e99-43cb-97d4-cbf6e9830efc,0.3415988087654114,-0.5080399513244629,0.6093826293945312,0.863794840977592,ee505e5a-6e99-43cb-97d4-cbf6e9830efc,0.0100061511620879,0.44809490442276,0.8934712409973145,0.9995899283806345,ee505e5a-6e99-43cb-97d4-cbf6e9830efc,0.2241809368133545,0.2654131352901459,-0.1872246861457824,0.39465720304771484
22,ee505e5a-6e99-43cb-97d4-cbf6e9830efc,-0.8840672969818115,-0.3097338676452636,0.9039387702941896,1.3017739261485428,ee505e5a-6e99-43cb-97d4-cbf6e9830efc,0.0258630327880382,0.4527844488620758,0.8911376595497131,0.9999044863706079,ee505e5a-6e99-43cb-97d4-cbf6e9830efc,-0.0700947195291519,-0.2195232361555099,-0.0232121963053941,0.23160856412356254
22,ee505e5a-6e99-43cb-97d4-cbf6e9830efc,-0.4612076878547668,-0.6390261650085449,1.19771146774292,1.4337293087834844,ee505e5a-6e99-43cb-97d4-cbf6e9830efc,-0.0185807682573795,-0.4666964411735534,-0.884210467338562,0.99998948179677,ee505e5a-6e99-43cb-97d4-cbf6e9830efc,0.1488176584243774,-0.0326039716601371,0.1850103586912155,0.23966340406908584
22,ee505e5a-6e99-43cb-97d4-cbf6e9830efc,0.1339797675609588,-0.2668604850769043,0.2204914093017578,0.37118938318201466,ee505e5a-6e99-43cb-97d4-cbf6e9830efc,0.0311031974852085,0.4675948917865753,0.8833785057067871,0.9999849879190482,ee505e5a-6e99-43cb-97d4-cbf6e9830efc,0.1013242900371551,0.0425302386283874,0.0968192890286445,0.14645616298856565
22,ee505e5a-6e99-43cb-97d4-cbf6e9830efc,-0.2538219094276428,-0.243380069732666,0.5565094947814941,0.6583025427799332,ee505e5a-6e99-43cb-97d4-cbf6e9830efc,0.0357905551791191,0.4607057571411133,0.8867090940475464,0.9998918821400724,ee505e5a-6e99-43cb-97d4-cbf6e9830efc,0.033367533236742,-0.0781884491443634,0.023517619818449,0.08820376576899021
22,ee505e5a-6e99-43cb-97d4-cbf6e9830efc,0.2881039977073669,0.0034742355346679,0.0540852546691894,0.29315729324058765,ee505e5a-6e99-43cb-97d4-cbf6e9830efc,0.0283834859728813,0.4499862194061279,0.8924030065536499,0.9998381599225878,ee505e5a-6e99-43cb-97d4-cbf6e9830efc,-0.0923906490206718,-0.1000262349843978,-0.0581832006573677,0.1480762119665088
22,ee505e5a-6e99-43cb-97d4-cbf6e9830efc,-0.4341681897640228,-0.3277554512023926,1.3104705810546875,1.4188935113692158,ee505e5a-6e99-43cb-97d4-cbf6e9830efc,0.0315240435302257,0.4738136231899261,0.8800187110900879,0.9999630226710987,ee505e5a-6e99-43cb-97d4-cbf6e9830efc,-0.1671430766582489,-0.1684411317110061,-0.0574960000813007,0.24416185810281407
22,ee505e5a-6e99-43cb-97d4-cbf6e9830efc,0.2733616232872009,-0.5521011352539062,0.5683088302612305,0.838162971735064,ee505e5a-6e99-43cb-97d4-cbf6e9830efc,0.0324776507914066,0.4754171073436737,0.8791511654853821,0.9999914977289859,ee505e5a-6e99-43cb-97d4-cbf6e9830efc,0.3671955466270447,0.1941730678081512,0.0797155648469924,0.42295427767506744
22,ee505e5a-6e99-43cb-97d4-cbf6e9830efc,0.0777060389518737,-0.2307300567626953,0.5331721305847168,0.5861289179144406,ee505e5a-6e99-43cb-97d4-cbf6e9830efc,0.0388165637850761,0.4701284766197204,0.8816079497337341,0.9998800363976561,ee505e5a-6e99-43cb-97d4-cbf6e9830efc,0.0468825288116931,-0.0128277922049164,0.0012216945178806,0.048621150728122085
22,ee505e5a-6e99-43cb-97d4-cbf6e9830efc,-0.0419554114341735,-0.2357935905456543,0.5306558609008789,0.5821980046337117,ee505e5a-6e99-43cb-97d4-cbf6e9830efc,-0.0335783921182155,-0.4768034517765045,-0.878365159034729,0.9999971963207391,ee505e5a-6e99-43cb-97d4-cbf6e9830efc,-0.0365744791924953,-0.0881147161126136,-0.0683385357260704,0.11735438291343088
22,ee505e5a-6e99-43cb-97d4-cbf6e9830efc,-0.0684216618537902,-0.2572565078735351,0.6294198036193848,0.6833971933234622,ee505e5a-6e99-43cb-97d4-cbf6e9830efc,0.0386370383203029,0.4842372238636017,0.8740640878677368,0.9999832695627219,ee505e5a-6e99-43cb-97d4-cbf6e9830efc,0.094070479273796,0.0959793776273727,0.1078145429491996,0.17229414288328057
22,ee505e5a-6e99-43cb-97d4-cbf6e9830efc,-0.0476847290992736,-0.3134841918945312,0.8146634101867676,0.8741982863482243,ee505e5a-6e99-43cb-97d4-cbf6e9830efc,0.0380559675395488,0.49456587433815,0.8682762384414673,0.9999736431363048,ee505e5a-6e99-43cb-97d4-cbf6e9830efc,0.1194206401705741,-0.0906344652175903,-0.0419193916022777,0.15566994243055862
22,ee505e5a-6e99-43cb-97d4-cbf6e9830efc,0.1284905076026916,-0.2337312698364257,0.3956413269042969,0.4771500566886041,ee505e5a-6e99-43cb-97d4-cbf6e9830efc,0.0468651130795478,0.4970360100269317,0.8661231398582458,0.999705170280397,ee505e5a-6e99-43cb-97d4-cbf6e9830efc,0.3153499066829681,-0.0952921733260154,-0.0609320141375064,0.33502070426916203
22,ee505e5a-6e99-43cb-97d4-cbf6e9830efc,0.1196483075618743,-0.099034309387207,0.1678895950317382,0.22871473074146964,ee505e5a-6e99-43cb-97d4-cbf6e9830efc,0.041387241333723,0.5142099261283875,0.8562000393867493,0.9996015502789342,ee505e5a-6e99-43cb-97d4-cbf6e9830efc,0.1478250324726104,-0.1013242900371551,-0.1244601309299469,0.21819527072822034
22,ee505e5a-6e99-43cb-97d4-cbf6e9830efc,0.0423202216625213,0.1762237548828125,-0.3316879272460937,0.3779718164458462,ee505e5a-6e99-43cb-97d4-cbf6e9830efc,0.04477084800601,0.5035654306411743,0.8619361519813538,0.9992579756301332,ee505e5a-6e99-43cb-97d4-cbf6e9830efc,0.1560714691877365,0.0492495596408844,-0.0432938002049922,0.16928725810122094
22,ee505e5a-6e99-43cb-97d4-cbf6e9830efc,-0.0426410883665084,0.0755701065063476,-0.2182135581970214,0.23483240916761458,ee505e5a-6e99-43cb-97d4-cbf6e9830efc,0.0411821752786636,0.506070613861084,0.86053866147995,0.9991647640284964,ee505e5a-6e99-43cb-97d4-cbf6e9830efc,-0.1291942000389099,-0.0503185428678989,-0.0531437098979949,0.1484835040728925
22,ee505e5a-6e99-43cb-97d4-cbf6e9830efc,-0.0116973221302032,0.1118478775024414,0.0659246444702148,0.13035656406695867,ee505e5a-6e99-43cb-97d4-cbf6e9830efc,0.0341372266411781,0.5099977850914001,0.859107255935669,0.9996641277160044,ee505e5a-6e99-43cb-97d4-cbf6e9830efc,0.0299315154552459,0.0062611843459308,-0.031764056533575,0.04409142018952782
22,ee505e5a-6e99-43cb-97d4-cbf6e9830efc,-0.0505895465612411,0.1533975601196289,-0.3845934867858886,0.417135785746146,ee505e5a-6e99-43cb-97d4-cbf6e9830efc,0.0351653806865215,0.5062551498413086,0.8608899712562561,0.9993309878860313,ee505e5a-6e99-43cb-97d4-cbf6e9830efc,0.0216850768774747,0.1588202863931656,0.0955975949764251,0.18663607929461482
22,ee505e5a-6e99-43cb-97d4-cbf6e9830efc,0.0924742519855499,0.0118627548217773,-0.0037293434143066,0.09330659266391851,ee505e5a-6e99-43cb-97d4-cbf6e9830efc,0.0418305695056915,0.5041106939315796,0.8617268204689026,0.9992249503474148,ee505e5a-6e99-43cb-97d4-cbf6e9830efc,-0.1320193707942962,-0.0996444597840309,-0.0889546349644661,0.18780590968399966
22,ee505e5a-6e99-43cb-97d4-cbf6e9830efc,-0.0858228653669357,0.0326414108276367,-0.0254139900207519,0.0952727495634749,ee505e5a-6e99-43cb-97d4-cbf6e9830efc,0.0368784889578819,0.5032733082771301,0.8624882102012634,0.9992647089276208,ee505e5a-6e99-43cb-97d4-cbf6e9830efc,-0.0200816038995981,-0.0286334659904241,0.0091627091169357,0.0361538577217799
22,ee505e5a-6e99-43cb-97d4-cbf6e9830efc,-0.1031169965863227,-0.0158262252807617,0.1163811683654785,0.15629510786245027,ee505e5a-6e99-43cb-97d4-cbf6e9830efc,0.0310676041990518,0.503311038017273,0.8629024624824524,0.9994437736956361,ee505e5a-6e99-43cb-97d4-cbf6e9830efc,-0.0034360159188508,0.0251974500715732,-0.0005344913806766,0.02543626105661046
22,ee505e5a-6e99-43cb-97d4-cbf6e9830efc,-0.0003937780857086,0.0104808807373046,-0.0535216331481933,0.05453961071606737,ee505e5a-6e99-43cb-97d4-cbf6e9830efc,0.030852822586894,0.502216637134552,0.8636251091957092,0.9995107685811181,ee505e5a-6e99-43cb-97d4-cbf6e9830efc,0.0193180441856384,0.0322985500097274,0.0196998249739408,0.04247900973296154
22,ee505e5a-6e99-43cb-97d4-cbf6e9830efc,0.0599325299263,0.179478645324707,-0.2982888221740722,0.3532431368122445,ee505e5a-6e99-43cb-97d4-cbf6e9830efc,0.0274123046547174,0.4925669729709625,0.8690775632858276,0.9993345127208866,ee505e5a-6e99-43cb-97d4-cbf6e9830efc,-0.0683385357260704,-0.0134386401623487,0.0177909266203641,0.07188372266798425
22,ee505e5a-6e99-43cb-97d4-cbf6e9830efc,0.1085382103919982,-0.032689094543457,-0.0826597213745117,0.1402916588927533,ee505e5a-6e99-43cb-97d4-cbf6e9830efc,0.0370249114930629,0.4901165962219238,0.8698647618293762,0.9991245296937269,ee505e5a-6e99-43cb-97d4-cbf6e9830efc,-0.1992125660181045,-0.0368799045681953,-0.1020878478884697,0.22686494331865417
22,ee505e5a-6e99-43cb-97d4-cbf6e9830efc,-0.0432106591761112,-0.0442943572998046,0.2256827354431152,0.23401249588883907,ee505e5a-6e99-43cb-97d4-cbf6e9830efc,0.0247917417436838,0.4865567684173584,0.8723613619804382,0.9991828987867004,ee505e5a-6e99-43cb-97d4-cbf6e9830efc,0.0007635590736754,-0.0484860017895698,-0.0035123717971146,0.04861905128278753
22,ee505e5a-6e99-43cb-97d4-cbf6e9830efc,0.0421943664550781,0.0112161636352539,-0.1259007453918457,0.13325601141209564,ee505e5a-6e99-43cb-97d4-cbf6e9830efc,0.0296423360705375,0.4848450422286987,0.8729216456413269,0.9989722631237714,ee505e5a-6e99-43cb-97d4-cbf6e9830efc,-0.0154238929972052,0.135226309299469,-0.0419957488775253,0.14243487678840833
22,ee505e5a-6e99-43cb-97d4-cbf6e9830efc,-0.226547509431839,-0.0453824996948242,0.2439351081848144,0.3359876222622747,ee505e5a-6e99-43cb-97d4-cbf6e9830efc,0.0230504944920539,0.4824801981449127,0.8745082020759583,0.9990410714261989,ee505e5a-6e99-43cb-97d4-cbf6e9830efc,-0.012675080448389,-0.0875038728117942,-0.006795675959438,0.08867788130746851
22,ee505e5a-6e99-43cb-97d4-cbf6e9830efc,0.0968784838914871,-0.0789165496826171,0.0058164596557617,0.12508834341316222,ee505e5a-6e99-43cb-97d4-cbf6e9830efc,0.0280905235558748,0.481298953294754,0.8747612833976746,0.998821837410364,ee505e5a-6e99-43cb-97d4-cbf6e9830efc,0.0187835525721311,0.0046577104367315,0.0009162708884105,0.019374097813405378
22,ee505e5a-6e99-43cb-97d4-cbf6e9830efc,0.0259152557700872,-0.0582590103149414,0.1077718734741211,0.12522176119440043,ee505e5a-6e99-43cb-97d4-cbf6e9830efc,0.0262793768197298,0.4857649207115173,0.8722403049468994,0.9987298500664532,ee505e5a-6e99-43cb-97d4-cbf6e9830efc,0.0030542362947016,-0.0090863527730107,-0.0079410141333937,0.012447886227236747
22,ee505e5a-6e99-43cb-97d4-cbf6e9830efc,-0.0008862763643264,-0.0680189132690429,0.1765723228454589,0.18922247023843788,ee505e5a-6e99-43cb-97d4-cbf6e9830efc,0.0200719609856605,0.4875169098377228,0.8715057969093323,0.9987982654380726,ee505e5a-6e99-43cb-97d4-cbf6e9830efc,0.0949103906750679,0.0292443130165338,-0.017103724181652,0.10077573856233975
22,ee505e5a-6e99-43cb-97d4-cbf6e9830efc,0.1123923659324646,0.0091314315795898,-0.1286282539367675,0.17105746015129333,ee505e5a-6e99-43cb-97d4-cbf6e9830efc,0.0215536896139383,0.4893628358840942,0.8703224658966064,0.9987000256958275,ee505e5a-6e99-43cb-97d4-cbf6e9830efc,0.045737188309431,0.0644443854689598,-0.0255792289972305,0.08306182136828559
22,ee505e5a-6e99-43cb-97d4-cbf6e9830efc,-0.0355856120586395,0.0847902297973632,-0.1200051307678222,0.1511851522646313,ee505e5a-6e99-43cb-97d4-cbf6e9830efc,0.0133461961522698,0.4883568286895752,0.8714442849159241,0.999042368867357,ee505e5a-6e99-43cb-97d4-cbf6e9830efc,-0.0113770300522446,-0.0035887276753783,-0.026495499536395,0.029057310178693598
22,ee505e5a-6e99-43cb-97d4-cbf6e9830efc,-0.0574573054909706,0.0674285888671875,-0.2024693489074707,0.22100179591559438,ee505e5a-6e99-43cb-97d4-cbf6e9830efc,0.0257135480642318,0.4864060878753662,0.871576189994812,0.9984473565702614,ee505e5a-6e99-43cb-97d4-cbf6e9830efc,-0.0670404881238937,0.0685676038265228,0.0035887276753783,0.09596260890955884
22,ee505e5a-6e99-43cb-97d4-cbf6e9830efc,-0.1568628400564193,-0.0430946350097656,0.2686185836791992,0.3140366883900823,ee505e5a-6e99-43cb-97d4-cbf6e9830efc,0.0142503166571259,0.4850875437259674,0.873023271560669,0.9988406425899049,ee505e5a-6e99-43cb-97d4-cbf6e9830efc,-0.0527619309723377,-0.1633252799510955,-0.0103844031691551,0.1719500051183861
22,ee505e5a-6e99-43cb-97d4-cbf6e9830efc,0.10487050563097,-0.0306291580200195,-0.0294132232666015,0.11314197265047832,ee505e5a-6e99-43cb-97d4-cbf6e9830efc,0.0244364831596612,0.4793804883956909,0.8752034902572632,0.9981903344163371,ee505e5a-6e99-43cb-97d4-cbf6e9830efc,0.0101553360000252,0.0594812519848346,0.0029015245381742,0.060411663042846495
22,ee505e5a-6e99-43cb-97d4-cbf6e9830efc,-0.0711234360933303,-0.0455656051635742,0.1353850364685058,0.1595740443656907,ee505e5a-6e99-43cb-97d4-cbf6e9830efc,0.0206781420856714,0.481458455324173,0.8743140697479248,0.998326060123862,ee505e5a-6e99-43cb-97d4-cbf6e9830efc,-0.0229831282049417,-0.0734543800354003,-0.0284807533025741,0.08206657929481334
22,ee505e5a-6e99-43cb-97d4-cbf6e9830efc,0.0551131516695022,0.0173826217651367,-0.0685501098632812,0.08965897940888731,ee505e5a-6e99-43cb-97d4-cbf6e9830efc,0.0221853535622358,0.4780249893665313,0.8758625388145447,0.9980657629987182,ee505e5a-6e99-43cb-97d4-cbf6e9830efc,0.0490204915404319,0.0170273669064044,-0.0030542362947016,0.05198334515952916
22,ee505e5a-6e99-43cb-97d4-cbf6e9830efc,0.0566888600587844,0.0282316207885742,-0.1260013580322265,0.14102125191998413,ee505e5a-6e99-43cb-97d4-cbf6e9830efc,0.0276264455169439,0.4773029088973999,0.8754033446311951,0.9974529077231181,ee505e5a-6e99-43cb-97d4-cbf6e9830efc,-0.0653606578707695,-0.0326039716601371,-0.0284043978899717,0.07836992015312147
22,ee505e5a-6e99-43cb-97d4-cbf6e9830efc,-0.0272521376609802,0.0094680786132812,0.0896315574645996,0.09416018061394163,ee505e5a-6e99-43cb-97d4-cbf6e9830efc,0.0156136015430092,0.4769966900348663,0.8766100406646729,0.9981056007514844,ee505e5a-6e99-43cb-97d4-cbf6e9830efc,-0.0081700822338461,-0.0520747303962707,-0.0628409087657928,0.08202138504111463
22,ee505e5a-6e99-43cb-97d4-cbf6e9830efc,-0.0201528370380401,0.0522089004516601,-0.1520013809204101,0.1619763128632232,ee505e5a-6e99-43cb-97d4-cbf6e9830efc,0.0236824322491884,0.4800704419612884,0.8738486170768738,0.9973163452031201,ee505e5a-6e99-43cb-97d4-cbf6e9830efc,-0.0043522869236767,0.1395022422075271,0.0322221927344799,0.1432413616488322
22,ee505e5a-6e99-43cb-97d4-cbf6e9830efc,-0.0638839900493621,-0.1103448867797851,0.2539467811584472,0.28415862802985037,ee505e5a-6e99-43cb-97d4-cbf6e9830efc,0.0213473085314035,0.4762592911720276,0.8758707642555237,0.9972102163971106,ee505e5a-6e99-43cb-97d4-cbf6e9830efc,0.004810422193259,-0.1114032715559005,-0.0436755791306495,0.11975552299344167
22,ee505e5a-6e99-43cb-97d4-cbf6e9830efc,0.0758211910724639,-0.0282421112060546,0.0075488090515136,0.08126164149903968,ee505e5a-6e99-43cb-97d4-cbf6e9830efc,0.0140053946524858,0.4764954149723053,0.876751184463501,0.9979662674795944,ee505e5a-6e99-43cb-97d4-cbf6e9830efc,0.0613137930631637,0.0410031229257583,-0.017943637445569,0.0759118662281157
22,ee505e5a-6e99-43cb-97d4-cbf6e9830efc,-0.0313364267349243,0.12786865234375,-0.2729840278625488,0.3030720101902861,ee505e5a-6e99-43cb-97d4-cbf6e9830efc,0.0127906771376729,0.4793021976947784,0.8751153945922852,0.9978582825176607,ee505e5a-6e99-43cb-97d4-cbf6e9830efc,-0.0382543094456195,0.0866639539599418,0.0458898991346359,0.10526117968994639
22,ee505e5a-6e99-43cb-97d4-cbf6e9830efc,-0.0336122810840606,-0.0377016067504882,0.1117172241210937,0.12260479092011467,ee505e5a-6e99-43cb-97d4-cbf6e9830efc,0.0143548948690295,0.4756210744380951,0.8771032691001892,0.9978635247981499,ee505e5a-6e99-43cb-97d4-cbf6e9830efc,-0.0490204915404319,-0.0328330397605896,-0.0310004986822605,0.06664869097990483
22,ee505e5a-6e99-43cb-97d4-cbf6e9830efc,-0.0486948788166046,-0.0597200393676757,0.1402955055236816,0.16006405966108045,ee505e5a-6e99-43cb-97d4-cbf6e9830efc,0.0083172908052802,0.4745765626430511,0.8781383037567139,0.9982078799834992,ee505e5a-6e99-43cb-97d4-cbf6e9830efc,0.023517619818449,-0.0158820282667875,0.0032069480512291,0.02855874261229693
22,ee505e5a-6e99-43cb-97d4-cbf6e9830efc,0.0376074314117431,0.0219154357910156,-0.089752197265625,0.09974999818198872,ee505e5a-6e99-43cb-97d4-cbf6e9830efc,0.0092770867049694,0.4773636162281036,0.8763891458511353,0.9980080267221231,ee505e5a-6e99-43cb-97d4-cbf6e9830efc,-0.008551862090826,0.0399341396987438,0.0221432130783796,0.04645634234562396
22,ee505e5a-6e99-43cb-97d4-cbf6e9830efc,-0.0245384871959686,0.0201091766357421,-0.050872802734375,0.05995463615838915,ee505e5a-6e99-43cb-97d4-cbf6e9830efc,0.0064729894511401,0.4772600531578064,0.8769353032112122,0.9984160375067938,ee505e5a-6e99-43cb-97d4-cbf6e9830efc,0.0025961007922887,-0.0160347409546375,-0.0299315154552459,0.03405507707014734
22,ee505e5a-6e99-43cb-97d4-cbf6e9830efc,-0.0122161209583282,-0.0512590408325195,0.1657257080078125,0.17390150422877065,ee505e5a-6e99-43cb-97d4-cbf6e9830efc,0.0026898789219558,0.4743210971355438,0.8787045478820801,0.9985536646095349,ee505e5a-6e99-43cb-97d4-cbf6e9830efc,0.0009162708884105,0.0116824535652995,0.0262664314359426,0.028761861796924783
22,ee505e5a-6e99-43cb-97d4-cbf6e9830efc,0.1084375381469726,0.0298490524291992,-0.1275253295898437,0.17003639403755738,ee505e5a-6e99-43cb-97d4-cbf6e9830efc,-0.0063491403125226,0.479208767414093,0.876446545124054,0.9989193665202075,ee505e5a-6e99-43cb-97d4-cbf6e9830efc,-0.0145839778706431,0.0405449867248535,0.0069483877159655,0.04364479866950167
22,ee505e5a-6e99-43cb-97d4-cbf6e9830efc,0.1584214568138122,0.0968942642211914,-0.2435159683227539,0.30624480933747283,ee505e5a-6e99-43cb-97d4-cbf6e9830efc,-0.0014658957952633,0.4737221896648407,0.8786434531211853,0.9982129930751524,ee505e5a-6e99-43cb-97d4-cbf6e9830efc,-0.0075592347420752,0.1454579979181289,0.0054976250976324,0.14575800173558331
22,ee505e5a-6e99-43cb-97d4-cbf6e9830efc,-0.2434922158718109,-0.0045394897460937,0.1344480514526367,0.2781822149180826,ee505e5a-6e99-43cb-97d4-cbf6e9830efc,-0.00811920594424,0.4667982757091522,0.8834946751594543,0.9992644258379824,ee505e5a-6e99-43cb-97d4-cbf6e9830efc,-0.0881910696625709,-0.0058794049546122,-0.0750578567385673,0.11595651783766207
22,ee505e5a-6e99-43cb-97d4-cbf6e9830efc,-0.6275860667228699,0.0297412872314453,0.0794353485107421,0.6332920257700146,ee505e5a-6e99-43cb-97d4-cbf6e9830efc,-0.0205792412161827,0.4634378552436828,0.8858574628829956,0.9999707972672984,ee505e5a-6e99-43cb-97d4-cbf6e9830efc,-0.0520747303962707,0.0590231157839298,0.2019613683223724,0.21675769891132457
22,ee505e5a-6e99-43cb-97d4-cbf6e9830efc,0.4710645675659179,-0.1600279808044433,0.0605340003967285,0.5011737689269498,ee505e5a-6e99-43cb-97d4-cbf6e9830efc,-0.02213966101408,0.4633771181106567,0.8857224583625793,0.9998563854005269,ee505e5a-6e99-43cb-97d4-cbf6e9830efc,-0.0134386401623487,-0.0448209159076213,0.1695101112127304,0.17584990575932472
22,ee505e5a-6e99-43cb-97d4-cbf6e9830efc,0.3021632730960846,-0.1097383499145507,-0.0117955207824707,0.32168973151258196,ee505e5a-6e99-43cb-97d4-cbf6e9830efc,-0.0113021163269877,0.465792715549469,0.8845582604408264,0.9997669267416872,ee505e5a-6e99-43cb-97d4-cbf6e9830efc,-0.0016034740256145,0.0125987250357866,-0.0813953951001167,0.08238027279016669
22,ee505e5a-6e99-43cb-97d4-cbf6e9830efc,-0.1744301617145538,-0.0397539138793945,0.169018268585205,0.2461167001648531,ee505e5a-6e99-43cb-97d4-cbf6e9830efc,-0.0123602943494915,0.4645074605941772,0.885352611541748,0.9998845956348416,ee505e5a-6e99-43cb-97d4-cbf6e9830efc,0.036192700266838,-0.0894127711653709,0.0357345640659332,0.10286648758978038
22,ee505e5a-6e99-43cb-97d4-cbf6e9830efc,0.5979275703430176,-0.102426528930664,-0.1236481666564941,0.619110202082473,ee505e5a-6e99-43cb-97d4-cbf6e9830efc,-0.0231322757899761,0.4662681818008423,0.8843082785606384,0.9999711251201039,ee505e5a-6e99-43cb-97d4-cbf6e9830efc,0.0119878770783543,-0.0117588099092245,0.0461189672350883,0.04908093261296241
22,ee505e5a-6e99-43cb-97d4-cbf6e9830efc,0.182250514626503,0.0199136734008789,-0.0918002128601074,0.20503434724724312,ee505e5a-6e99-43cb-97d4-cbf6e9830efc,-0.008100951090455,0.4657129943370819,0.8846544027328491,0.9997837920158512,ee505e5a-6e99-43cb-97d4-cbf6e9830efc,0.0209215190261602,0.1414874941110611,0.0054212692193686,0.14312865229624153
22,ee505e5a-6e99-43cb-97d4-cbf6e9830efc,0.0635807812213897,-0.0760574340820312,0.1597752571105957,0.18803026832034705,ee505e5a-6e99-43cb-97d4-cbf6e9830efc,-0.005518116056919,0.4646374583244324,0.8852309584617615,0.9997761084873629,ee505e5a-6e99-43cb-97d4-cbf6e9830efc,-0.0022906772792339,-0.1327829211950302,-0.0602448098361492,0.14582862707876318
22,ee505e5a-6e99-43cb-97d4-cbf6e9830efc,0.1660106778144836,0.0114030838012695,-0.1215734481811523,0.2060817283779869,ee505e5a-6e99-43cb-97d4-cbf6e9830efc,-0.0066453679464757,0.4663308560848236,0.8843905329704285,0.9998276066701034,ee505e5a-6e99-43cb-97d4-cbf6e9830efc,0.0325276181101799,0.0118351653218269,0.0017561858985573,0.03465835061030702
22,ee505e5a-6e99-43cb-97d4-cbf6e9830efc,-0.1124388724565506,0.1393108367919922,-0.2209877967834472,0.2844039655387873,ee505e5a-6e99-43cb-97d4-cbf6e9830efc,-0.0071868691593408,0.4672695994377136,0.8840514421463013,0.9999697405461577,ee505e5a-6e99-43cb-97d4-cbf6e9830efc,-0.0545944720506668,0.0755159929394722,0.0370326153934001,0.1002728087319835
22,ee505e5a-6e99-43cb-97d4-cbf6e9830efc,-0.215151846408844,-0.0541505813598632,0.1944952011108398,0.2950440403226135,ee505e5a-6e99-43cb-97d4-cbf6e9830efc,0.0069369487464427,-0.4612881243228912,-0.8872179985046387,0.9999953158739389,ee505e5a-6e99-43cb-97d4-cbf6e9830efc,-0.0322221927344799,0.060702946037054,0.1346918195486068,0.15121178398362317
22,ee505e5a-6e99-43cb-97d4-cbf6e9830efc,0.0813192874193191,-0.1103835105895996,0.0871319770812988,0.16244792195213226,ee505e5a-6e99-43cb-97d4-cbf6e9830efc,0.000118459254736,-0.4633954167366028,-0.8861297965049744,0.9999806710827125,ee505e5a-6e99-43cb-97d4-cbf6e9830efc,-0.017943637445569,-0.0489441379904747,0.0953685268759727,0.10868605562307329
22,ee505e5a-6e99-43cb-97d4-cbf6e9830efc,0.149958074092865,-0.0413904190063476,-0.0361766815185546,0.1597164457933407,ee505e5a-6e99-43cb-97d4-cbf6e9830efc,0.0080441497266292,0.4644550681114197,0.8855592012405396,0.9999991587701413,ee505e5a-6e99-43cb-97d4-cbf6e9830efc,0.0346655808389186,-0.0364981219172477,0.0414612591266632,0.06521388967661866
22,ee505e5a-6e99-43cb-97d4-cbf6e9830efc,0.3292891979217529,-0.073124885559082,0.0562772750854492,0.34197332709880096,ee505e5a-6e99-43cb-97d4-cbf6e9830efc,0.0128234354779124,0.4666304886341095,0.8841983675956726,0.9998575931997596,ee505e5a-6e99-43cb-97d4-cbf6e9830efc,0.0352764278650283,0.0161874517798423,-0.0290916003286838,0.048505475646829194
22,ee505e5a-6e99-43cb-97d4-cbf6e9830efc,0.1817292869091034,0.0027322769165039,-0.0224909782409667,0.1831361328626203,ee505e5a-6e99-43cb-97d4-cbf6e9830efc,0.0165491569787263,0.4638752043247223,0.8854069709777832,0.9996997469440825,ee505e5a-6e99-43cb-97d4-cbf6e9830efc,0.0439810007810592,0.0197761803865432,-0.1275907158851623,0.13639947404764005
22,ee505e5a-6e99-43cb-97d4-cbf6e9830efc,-0.3144910931587219,0.1301193237304687,-0.0977468490600586,0.3541046915608607,ee505e5a-6e99-43cb-97d4-cbf6e9830efc,0.0076175918802618,0.4671408534049988,0.8840727210044861,0.9999315879850385,ee505e5a-6e99-43cb-97d4-cbf6e9830efc,-0.0410794764757156,0.0035123717971146,-0.0272590592503547,0.04942586827132515
22,ee505e5a-6e99-43cb-97d4-cbf6e9830efc,-0.0907465517520904,-0.0390272140502929,0.1230654716491699,0.1578073838692437,ee505e5a-6e99-43cb-97d4-cbf6e9830efc,0.0057230819948017,0.4663814306259155,0.8845070004463196,0.9999485118438551,ee505e5a-6e99-43cb-97d4-cbf6e9830efc,0.006795675959438,-0.0125223686918616,0.0614665038883686,0.06309613323857043
22,ee505e5a-6e99-43cb-97d4-cbf6e9830efc,0.0221035704016685,-0.0005731582641601,-0.1010279655456543,0.10341927362533157,ee505e5a-6e99-43cb-97d4-cbf6e9830efc,0.0077976835891604,0.4674669206142425,0.8839083909988403,0.9999400829130103,ee505e5a-6e99-43cb-97d4-cbf6e9830efc,-0.0050394898280501,-0.0267245676368474,0.0092390645295381,0.028722104492610232
22,ee505e5a-6e99-43cb-97d4-cbf6e9830efc,0.1023216098546981,-0.0011854171752929,-0.0078420639038085,0.10262852928600286,ee505e5a-6e99-43cb-97d4-cbf6e9830efc,0.0117067573592066,0.4653857946395874,0.8848648071289062,0.9998533457039908,ee505e5a-6e99-43cb-97d4-cbf6e9830efc,0.0184017736464738,0.0251974500715732,-0.0009162708884105,0.03121500145421157
22,ee505e5a-6e99-43cb-97d4-cbf6e9830efc,-0.054443173110485,0.0460844039916992,-0.0366902351379394,0.08021224809270502,ee505e5a-6e99-43cb-97d4-cbf6e9830efc,0.0112812798470258,0.465219110250473,0.8849624991416931,0.9998573461771133,ee505e5a-6e99-43cb-97d4-cbf6e9830efc,-0.0291679557412862,-0.0087809292599558,-0.0208451636135578,0.036910638126019614
22,ee505e5a-6e99-43cb-97d4-cbf6e9830efc,-0.0805987566709518,-0.009490966796875,0.06608247756958,0.10465721126313621,ee505e5a-6e99-43cb-97d4-cbf6e9830efc,0.0140509437769651,0.4639487266540527,0.8855066895484924,0.9997839502712926,ee505e5a-6e99-43cb-97d4-cbf6e9830efc,-0.0195471122860908,0.009544488042593,0.0318404138088226,0.038561623438819366
22,ee505e5a-6e99-43cb-97d4-cbf6e9830efc,0.0342309549450874,-0.0442228317260742,0.0491752624511718,0.07446894359037802,ee505e5a-6e99-43cb-97d4-cbf6e9830efc,0.0129959061741828,0.4654374420642853,0.8847516179084778,0.9997931443275164,ee505e5a-6e99-43cb-97d4-cbf6e9830efc,0.0083227939903736,0.0019852535333484,0.0248920265585184,0.026321533344162467
22,ee505e5a-6e99-43cb-97d4-cbf6e9830efc,0.1143962368369102,-0.041152000427246,0.0450716018676757,0.129658919618084,ee505e5a-6e99-43cb-97d4-cbf6e9830efc,0.0123540498316288,0.4652930796146393,0.8848435878753662,0.999799203584734,ee505e5a-6e99-43cb-97d4-cbf6e9830efc,0.0356582105159759,0.0517693050205707,0.0106134712696075,0.06375119365082763
22,ee505e5a-6e99-43cb-97d4-cbf6e9830efc,0.0782305002212524,0.033156394958496,-0.0584654808044433,0.1031385967385919,ee505e5a-6e99-43cb-97d4-cbf6e9830efc,0.0100349225103855,0.4670019447803497,0.883823812007904,0.9996679682627633,ee505e5a-6e99-43cb-97d4-cbf6e9830efc,0.0174091476947069,0.0259610079228878,-0.0319931246340274,0.0447282056389117
22,ee505e5a-6e99-43cb-97d4-cbf6e9830efc,0.2271716892719268,-0.0223798751831054,-0.0508041381835937,0.23385657073610294,ee505e5a-6e99-43cb-97d4-cbf6e9830efc,0.0109442006796598,0.4675309360027313,0.8830620646476746,0.9992515007083654,ee505e5a-6e99-43cb-97d4-cbf6e9830efc,-0.0146603342145681,0.0235939752310514,-0.067116841673851,0.07263794809023094
22,ee505e5a-6e99-43cb-97d4-cbf6e9830efc,-0.1061743944883346,-0.0124063491821289,0.09306001663208,0.1417289181520709,ee505e5a-6e99-43cb-97d4-cbf6e9830efc,0.0112556833773851,0.4664159715175628,0.8835077285766602,0.999127847349704,ee505e5a-6e99-43cb-97d4-cbf6e9830efc,0.0053449133411049,-0.0022143214009702,-0.124383769929409,0.12451824581057536
22,ee505e5a-6e99-43cb-97d4-cbf6e9830efc,-0.049660325050354,-0.0227031707763671,0.1181588172912597,0.13016561739214008,ee505e5a-6e99-43cb-97d4-cbf6e9830efc,0.0052590677514672,0.4691750407218933,0.8812839984893799,0.9984059107514508,ee505e5a-6e99-43cb-97d4-cbf6e9830efc,0.0196234676986932,-0.0972010716795921,-0.0370326153934001,0.1058515159223445
22,ee505e5a-6e99-43cb-97d4-cbf6e9830efc,0.1567635834217071,-0.0415105819702148,-0.0644912719726562,0.17451955094880217,ee505e5a-6e99-43cb-97d4-cbf6e9830efc,0.0090355100110173,0.468871533870697,0.880893886089325,0.9979459876491172,ee505e5a-6e99-43cb-97d4-cbf6e9830efc,0.0465007461607456,-0.0251210927963256,-0.1625617295503616,0.1709377214402737
22,ee505e5a-6e99-43cb-97d4-cbf6e9830efc,-0.3113676309585571,0.1389532089233398,-0.108588695526123,0.3578397695546186,ee505e5a-6e99-43cb-97d4-cbf6e9830efc,-0.0035571069456636,0.4704219698905945,0.8807091116905212,0.9984778526238213,ee505e5a-6e99-43cb-97d4-cbf6e9830efc,-0.0151184694841504,-0.0323749035596847,-0.0487914234399795,0.060475660404343275
22,ee505e5a-6e99-43cb-97d4-cbf6e9830efc,-0.2190624773502349,-0.1137933731079101,0.1531500816345214,0.2905034393096901,ee505e5a-6e99-43cb-97d4-cbf6e9830efc,0.0071472851559519,0.472422182559967,0.8798661231994629,0.9986982512320104,ee505e5a-6e99-43cb-97d4-cbf6e9830efc,-0.0132095720618963,0.0234412644058465,0.0219905003905296,0.034750075948537434
22,ee505e5a-6e99-43cb-97d4-cbf6e9830efc,-0.1781729161739349,-0.0827188491821289,0.0718483924865722,0.2091654550131172,ee505e5a-6e99-43cb-97d4-cbf6e9830efc,0.0079423980787396,0.4667195975780487,0.8834866285324097,0.9992191387509654,ee505e5a-6e99-43cb-97d4-cbf6e9830efc,0.0818535313010215,-0.1588202863931656,0.0626882016658783,0.1893507184685505
22,ee505e5a-6e99-43cb-97d4-cbf6e9830efc,-0.5811272859573364,0.171966552734375,0.057166576385498,0.6087277184416062,ee505e5a-6e99-43cb-97d4-cbf6e9830efc,0.0008782905642874,0.4733321964740753,0.880699634552002,0.9998379798313913,ee505e5a-6e99-43cb-97d4-cbf6e9830efc,-0.0243575349450111,-0.0459662564098835,0.1750077456235885,0.18257573021950987
22,ee505e5a-6e99-43cb-97d4-cbf6e9830efc,0.4883947968482971,-0.2376999855041504,-0.2830901145935058,0.6125118559487048,ee505e5a-6e99-43cb-97d4-cbf6e9830efc,0.0017832128796726,0.4734680652618408,0.8805234432220459,0.9997483296983158,ee505e5a-6e99-43cb-97d4-cbf6e9830efc,0.0244338903576135,-0.0509293898940086,0.1462979167699813,0.15682441839273692
22,ee505e5a-6e99-43cb-97d4-cbf6e9830efc,0.6423765420913696,-0.0522003173828125,-0.009078025817871,0.6445579147887965,ee505e5a-6e99-43cb-97d4-cbf6e9830efc,-0.001399393659085,0.4742492735385895,0.8799166083335876,0.9995836980342253,ee505e5a-6e99-43cb-97d4-cbf6e9830efc,0.0146603342145681,-0.0064902519807219,-0.0419957488775253,0.04495210444284303
22,ee505e5a-6e99-43cb-97d4-cbf6e9830efc,0.6710309982299805,-0.0718193054199218,-0.1341333389282226,0.6880642163552451,ee505e5a-6e99-43cb-97d4-cbf6e9830efc,-0.0021005934104323,0.4764580726623535,0.8782796859741211,0.999195633643683,ee505e5a-6e99-43cb-97d4-cbf6e9830efc,0.0025961007922887,0.0272590592503547,-0.0963611528277397,0.10017618392027657
22,ee505e5a-6e99-43cb-97d4-cbf6e9830efc,0.2127977460622787,0.0406579971313476,-0.0598230361938476,0.2247548645065755,ee505e5a-6e99-43cb-97d4-cbf6e9830efc,-0.0003047231875825,0.4761595726013183,0.8784497380256653,0.9992006673703991,ee505e5a-6e99-43cb-97d4-cbf6e9830efc,0.0278699062764644,0.007330167107284,-0.0742179453372955,0.07961637040062428
22,ee505e5a-6e99-43cb-97d4-cbf6e9830efc,0.1021022945642471,0.0206127166748046,-0.0165810585021972,0.10547366564718104,ee505e5a-6e99-43cb-97d4-cbf6e9830efc,0.0039916657842695,0.4777906537055969,0.8775876760482788,0.9992296889684441,ee505e5a-6e99-43cb-97d4-cbf6e9830efc,0.0003054236294701,0.0039705070666968,0.026648212224245,0.026944116699356254
22,ee505e5a-6e99-43cb-97d4-cbf6e9830efc,0.1329474002122879,-0.0372123718261718,-0.0281248092651367,0.14089278454319737,ee505e5a-6e99-43cb-97d4-cbf6e9830efc,0.0099783726036548,0.4781220853328705,0.8774493932723999,0.9993086280809211,ee505e5a-6e99-43cb-97d4-cbf6e9830efc,0.0063375402241945,0.0057266931980848,0.0198525357991457,0.02161209403863114
22,ee505e5a-6e99-43cb-97d4-cbf6e9830efc,0.13114595413208,0.0124368667602539,-0.0576663017272949,0.14380312686075136,ee505e5a-6e99-43cb-97d4-cbf6e9830efc,0.0138693694025278,0.4785716235637665,0.8770719766616821,0.9992389156419567,ee505e5a-6e99-43cb-97d4-cbf6e9830efc,0.0049631339497864,0.0096971997991204,0.037490751594305,0.039041322181164226
22,ee505e5a-6e99-43cb-97d4-cbf6e9830efc,0.0412595197558403,0.0348806381225585,-0.1023449897766113,0.1157303063967867,ee505e5a-6e99-43cb-97d4-cbf6e9830efc,0.0221178457140922,0.4757579863071441,0.8782767653465271,0.9991020654475796,ee505e5a-6e99-43cb-97d4-cbf6e9830efc,-0.0154238929972052,0.0040468629449605,-0.0058794049546122,0.016995322224213592
22,ee505e5a-6e99-43cb-97d4-cbf6e9830efc,-0.2197542488574981,0.2777423858642578,-0.3902530670166015,0.5270011566518213,ee505e5a-6e99-43cb-97d4-cbf6e9830efc,0.0300473105162382,0.4586197137832641,0.8871182799339294,0.9991064634626462,ee505e5a-6e99-43cb-97d4-cbf6e9830efc,-0.0590231157839298,-0.0423011742532253,0.0397814288735389,0.08279903153579363
22,ee505e5a-6e99-43cb-97d4-cbf6e9830efc,-0.4326162338256836,0.5570249557495117,-0.0725178718566894,0.709008073886248,ee505e5a-6e99-43cb-97d4-cbf6e9830efc,-0.0264470223337411,-0.4529356360435486,-0.8910955786705017,0.9999507316436204,ee505e5a-6e99-43cb-97d4-cbf6e9830efc,-0.3304683566093445,-0.0665059983730316,0.1163664013147354,0.35661396761009884
22,ee505e5a-6e99-43cb-97d4-cbf6e9830efc,-1.2255464792251587,-1.5488395690917969,0.0062012672424316,1.975071299786683,ee505e5a-6e99-43cb-97d4-cbf6e9830efc,-0.0410820543766021,-0.429399311542511,-0.9008446335792542,0.9987955535511385,ee505e5a-6e99-43cb-97d4-cbf6e9830efc,-0.1402658075094223,0.0656660795211792,0.5086830258369446,0.5317376717241141
22,ee505e5a-6e99-43cb-97d4-cbf6e9830efc,1.577394962310791,0.224916934967041,-0.5291914939880371,1.678930055740179,ee505e5a-6e99-43cb-97d4-cbf6e9830efc,-0.0322489887475967,-0.4307373762130737,-0.9013787508010864,0.9995290575755628,ee505e5a-6e99-43cb-97d4-cbf6e9830efc,-0.1854684948921203,0.0633754059672355,0.2392230629920959,0.3092615051156232
22,ee505e5a-6e99-43cb-97d4-cbf6e9830efc,0.6796056032180786,-0.0916757583618164,0.3269815444946289,0.7597270240268643,ee505e5a-6e99-43cb-97d4-cbf6e9830efc,-0.0264475736767053,-0.427800565958023,-0.9030269980430604,0.9995851927585017,ee505e5a-6e99-43cb-97d4-cbf6e9830efc,-0.0201579593122005,0.047035239636898,-0.115755558013916,0.12656226255264966
22,ee505e5a-6e99-43cb-97d4-cbf6e9830efc,0.0044671893119812,-0.2253031730651855,0.2732324600219726,0.3541715019355014,ee505e5a-6e99-43cb-97d4-cbf6e9830efc,-0.0181668996810913,-0.4244713485240936,-0.904365301132202,0.9991909526481031,ee505e5a-6e99-43cb-97d4-cbf6e9830efc,0.001832541776821,0.0458898991346359,-0.0296260919421911,0.05465296310098851
22,ee505e5a-6e99-43cb-97d4-cbf6e9830efc,0.0897369980812072,-0.2810320854187011,0.0621538162231445,0.301487742255819,ee505e5a-6e99-43cb-97d4-cbf6e9830efc,-0.0222928710281848,-0.4212473034858703,-0.905533492565155,0.9989680520167018,ee505e5a-6e99-43cb-97d4-cbf6e9830efc,-0.0350473597645759,0.0991099700331687,0.0539836250245571,0.1181750200221485
22,ee505e5a-6e99-43cb-97d4-cbf6e9830efc,0.0836041569709777,-0.3453588485717773,0.2731037139892578,0.4481607166456895,ee505e5a-6e99-43cb-97d4-cbf6e9830efc,-0.0299960821866989,-0.4182183444499969,-0.9067680835723876,0.9990168697107111,ee505e5a-6e99-43cb-97d4-cbf6e9830efc,-0.019088976085186,-0.0150421140715479,0.060702946037054,0.06538732186976122
22,ee505e5a-6e99-43cb-97d4-cbf6e9830efc,-0.0048469305038452,-0.192697525024414,0.1258988380432129,0.2302310715487267,ee505e5a-6e99-43cb-97d4-cbf6e9830efc,-0.0420596711337566,-0.4095153212547302,-0.91031414270401,0.9990713951891433,ee505e5a-6e99-43cb-97d4-cbf6e9830efc,-0.0264191441237926,-0.0837624296545982,0.0147366905584931,0.08905776690717107
22,ee505e5a-6e99-43cb-97d4-cbf6e9830efc,0.0458227396011352,-0.0521297454833984,-0.2466311454772949,0.25621115461306504,ee505e5a-6e99-43cb-97d4-cbf6e9830efc,-0.0500512570142746,-0.4061615467071533,-0.9113509058952332,0.9990159178052761,ee505e5a-6e99-43cb-97d4-cbf6e9830efc,-0.0238230433315038,-0.013820419088006,0.0312295667827129,0.04163925093921303
22,ee505e5a-6e99-43cb-97d4-cbf6e9830efc,0.0618222951889038,-0.155710220336914,0.3343338966369629,0.3739609917361029,ee505e5a-6e99-43cb-97d4-cbf6e9830efc,-0.0388388223946094,-0.4003893136978149,-0.913668155670166,0.9983033383366651,ee505e5a-6e99-43cb-97d4-cbf6e9830efc,-0.1028514057397842,-0.212803915143013,0.0338256657123565,0.23876367735425855
22,ee505e5a-6e99-43cb-97d4-cbf6e9830efc,0.15655517578125,-0.0200662612915039,-0.2955708503723144,0.3350735822113257,ee505e5a-6e99-43cb-97d4-cbf6e9830efc,-0.0573294349014759,-0.4014483392238617,-0.9125577807426452,0.9986035932068645,ee505e5a-6e99-43cb-97d4-cbf6e9830efc,0.0031305921729654,0.1910424828529358,0.0569615066051483,0.19937814347790497
22,ee505e5a-6e99-43cb-97d4-cbf6e9830efc,-0.0188417434692382,-0.1987247467041015,0.5274753570556641,0.563982968316039,ee505e5a-6e99-43cb-97d4-cbf6e9830efc,-0.0456864610314369,-0.3996914327144623,-0.9130152463912964,0.9977160589315359,ee505e5a-6e99-43cb-97d4-cbf6e9830efc,0.0064138961024582,-0.0933069214224815,0.0090863527730107,0.09396744891327988
22,ee505e5a-6e99-43cb-97d4-cbf6e9830efc,0.2079671621322631,-0.1494126319885254,0.1468977928161621,0.29521760898927696,ee505e5a-6e99-43cb-97d4-cbf6e9830efc,-0.0552307814359664,-0.4018751978874206,-0.9123140573501588,0.9984343008599964,ee505e5a-6e99-43cb-97d4-cbf6e9830efc,-0.011529741808772,0.1114032715559005,0.0510057471692562,0.1230658770895846
22,ee505e5a-6e99-43cb-97d4-cbf6e9830efc,0.03890061378479,-0.081977367401123,0.2062005996704101,0.2252825644014397,ee505e5a-6e99-43cb-97d4-cbf6e9830efc,-0.049911018460989,-0.3925521671772003,-0.916133999824524,0.9979427936278766,ee505e5a-6e99-43cb-97d4-cbf6e9830efc,0.0368035472929477,-0.0920088663697242,-0.050853032618761,0.11138295879761308
22,ee505e5a-6e99-43cb-97d4-cbf6e9830efc,0.008539080619812,-0.0614585876464843,0.0494179725646972,0.07932345117137432,ee505e5a-6e99-43cb-97d4-cbf6e9830efc,-0.0524601824581623,-0.3960652947425842,-0.9145012497901917,0.997964089690053,ee505e5a-6e99-43cb-97d4-cbf6e9830efc,-0.0518456622958183,0.0324512608349323,0.0271827038377523,0.06693247654614164
22,ee505e5a-6e99-43cb-97d4-cbf6e9830efc,0.0074344873428344,-0.0320725440979003,0.050333023071289,0.06014426737817525,ee505e5a-6e99-43cb-97d4-cbf6e9830efc,-0.0501834042370319,-0.3921764492988586,-0.916143238544464,0.9978172051915201,ee505e5a-6e99-43cb-97d4-cbf6e9830efc,0.0550526082515716,0.0016034740256145,0.0035887276753783,0.0551927510691382
22,ee505e5a-6e99-43cb-97d4-cbf6e9830efc,0.1098309755325317,-0.0530786514282226,0.0120201110839843,0.1225751585531818,ee505e5a-6e99-43cb-97d4-cbf6e9830efc,-0.0552306286990642,-0.3918606340885162,-0.916398286819458,0.9981938684345769,ee505e5a-6e99-43cb-97d4-cbf6e9830efc,-0.0203870274126529,0.0490204915404319,0.0106898266822099,0.05415636501913236
22,ee505e5a-6e99-43cb-97d4-cbf6e9830efc,-0.456139326095581,0.1976480484008789,-0.0845928192138671,0.5042655856888877,ee505e5a-6e99-43cb-97d4-cbf6e9830efc,-0.0654072389006614,-0.3848458230495453,-0.9157880544662476,0.9955160345882756,ee505e5a-6e99-43cb-97d4-cbf6e9830efc,-0.0132095720618963,-0.0558161698281765,-0.0140494871884584,0.05905358328336163
22,ee505e5a-6e99-43cb-97d4-cbf6e9830efc,-2.1016438007354736,0.5095667839050293,0.1327247619628906,2.166605832833298,ee505e5a-6e99-43cb-97d4-cbf6e9830efc,-0.1886406540870666,-0.3832687735557556,-0.9038484692573548,0.9997111105395363,ee505e5a-6e99-43cb-97d4-cbf6e9830efc,-0.2089861184358596,-0.171419009566307,0.3345915973186493,0.4301292963003403
22,ee505e5a-6e99-43cb-97d4-cbf6e9830efc,0.9429028034210204,-1.5506129264831543,2.176349639892578,2.83371909326532,ee505e5a-6e99-43cb-97d4-cbf6e9830efc,0.2050232291221618,0.4072923362255096,0.8825513124465942,0.9933873316732592,ee505e5a-6e99-43cb-97d4-cbf6e9830efc,-0.5417451858520508,-2.433920860290528,-0.2069245129823684,2.5020544267909615
22,ee505e5a-6e99-43cb-97d4-cbf6e9830efc,10.126471519470217,-1.0826811790466309,2.4629225730896,10.4777674898395,ee505e5a-6e99-43cb-97d4-cbf6e9830efc,0.0842308327555656,0.4359230101108551,0.7576647400856018,0.8781682995302138,ee505e5a-6e99-43cb-97d4-cbf6e9830efc,0.6161158084869385,0.141182079911232,-1.9263068437576292,2.027360137090363
22,ee505e5a-6e99-43cb-97d4-cbf6e9830efc,0.912911891937256,0.4474020004272461,-6.827101707458496,6.902383240331521,ee505e5a-6e99-43cb-97d4-cbf6e9830efc,0.0818019807338714,0.309809923171997,0.7667531967163086,0.8310139693305412,ee505e5a-6e99-43cb-97d4-cbf6e9830efc,-0.96147358417511,-1.922489047050476,-3.4937407970428467,4.102026370712061
22,ee505e5a-6e99-43cb-97d4-cbf6e9830efc,-0.6008375883102417,0.0243034362792968,1.49515962600708,1.6115516658745634,ee505e5a-6e99-43cb-97d4-cbf6e9830efc,0.0681303516030311,0.3103522062301636,0.8057158589363098,0.8661052372910338,ee505e5a-6e99-43cb-97d4-cbf6e9830efc,-0.681323766708374,0.4169796109199524,0.0297788046300411,0.7993502662849596
22,ee505e5a-6e99-43cb-97d4-cbf6e9830efc,0.2397044897079467,0.2272920608520507,0.3701362609863281,0.49610560872606413,ee505e5a-6e99-43cb-97d4-cbf6e9830efc,0.0544976629316806,0.3417744040489197,0.8345998525619507,0.90351350428449,ee505e5a-6e99-43cb-97d4-cbf6e9830efc,-0.0458135455846786,0.1181989461183548,0.491961121559143,0.5080311180904759
22,ee505e5a-6e99-43cb-97d4-cbf6e9830efc,1.9457347393035889,-0.6479396820068359,1.196582317352295,2.3743459624604233,ee505e5a-6e99-43cb-97d4-cbf6e9830efc,-0.0419291667640209,0.4082789421081543,0.855261504650116,0.9486421827701207,ee505e5a-6e99-43cb-97d4-cbf6e9830efc,0.1531699448823928,0.799064576625824,0.6372663974761963,1.0334765072248968
22,ee505e5a-6e99-43cb-97d4-cbf6e9830efc,-0.2271361351013183,-0.422607421875,1.0015754699707031,1.1105589939033556,ee505e5a-6e99-43cb-97d4-cbf6e9830efc,-0.0520257167518138,0.3962821364402771,0.877747654914856,0.964462105307274,ee505e5a-6e99-43cb-97d4-cbf6e9830efc,0.1543916463851928,1.3395116329193115,0.7308024168014526,1.5336884845373702
22,ee505e5a-6e99-43cb-97d4-cbf6e9830efc,-0.6654614210128784,1.5001063346862793,-1.1328353881835938,1.994109810151752,ee505e5a-6e99-43cb-97d4-cbf6e9830efc,0.0021407676395028,0.2621509730815887,0.9214699268341064,0.958036816428974,ee505e5a-6e99-43cb-97d4-cbf6e9830efc,-0.4969242513179779,-0.1175117418169975,0.3351260721683502,0.6107799974293394
22,ee505e5a-6e99-43cb-97d4-cbf6e9830efc,-0.356837511062622,0.2389955520629882,1.7664856910705566,1.8179448781424263,ee505e5a-6e99-43cb-97d4-cbf6e9830efc,0.0558056682348251,0.3298021554946899,0.8569011092185974,0.9198713199986951,ee505e5a-6e99-43cb-97d4-cbf6e9830efc,-0.9934667348861694,-0.7175928354263306,0.0102316914126276,1.2255693853428906
22,ee505e5a-6e99-43cb-97d4-cbf6e9830efc,1.8077729940414429,-1.961134910583496,2.969687461853028,3.9916333695095267,ee505e5a-6e99-43cb-97d4-cbf6e9830efc,0.0261844359338283,0.4058164954185486,0.8440387845039368,0.9368960040398553,ee505e5a-6e99-43cb-97d4-cbf6e9830efc,1.108229637145996,-0.3581855595111847,-1.0014840364456177,1.536046906492928
22,ee505e5a-6e99-43cb-97d4-cbf6e9830efc,0.6529197692871094,0.2311048507690429,1.2325701713562012,1.4138397732741743,ee505e5a-6e99-43cb-97d4-cbf6e9830efc,-0.0092692133039236,0.4039763212203979,0.8446946740150452,0.9363716563050289,ee505e5a-6e99-43cb-97d4-cbf6e9830efc,0.6047387719154358,0.7692093849182129,0.1368297934532165,0.9879850466887111
22,ee505e5a-6e99-43cb-97d4-cbf6e9830efc,-0.9334449768066406,2.7596993446350098,-2.9393367767333984,4.1384732311037045,ee505e5a-6e99-43cb-97d4-cbf6e9830efc,0.0243273377418518,0.2773248851299286,0.816777765750885,0.8629176263693666,ee505e5a-6e99-43cb-97d4-cbf6e9830efc,-0.3181750774383545,0.0052685574628412,-0.1629435122013092,0.35751045546828464
22,ee505e5a-6e99-43cb-97d4-cbf6e9830efc,-1.7133103609085083,3.782876491546631,-1.4858484268188477,4.410593213001244,ee505e5a-6e99-43cb-97d4-cbf6e9830efc,0.0245303604751825,0.1511221081018448,0.830765426158905,0.8447548895645264,ee505e5a-6e99-43cb-97d4-cbf6e9830efc,-1.1105966567993164,-1.6377578973770142,-1.4458754062652588,2.4507614235084825
22,ee505e5a-6e99-43cb-97d4-cbf6e9830efc,2.273589849472046,-2.198526382446289,2.277596950531006,3.8974577517919067,ee505e5a-6e99-43cb-97d4-cbf6e9830efc,0.0058140284381806,0.2853314578533172,0.8535876274108887,0.9000331557427923,ee505e5a-6e99-43cb-97d4-cbf6e9830efc,-0.7350019812583923,-0.0745233669877052,0.2411319613456726,0.7771269313718044
22,ee505e5a-6e99-43cb-97d4-cbf6e9830efc,0.0262343883514404,-2.220306396484375,1.0205893516540527,2.4437780918306076,ee505e5a-6e99-43cb-97d4-cbf6e9830efc,-0.0119584817439317,0.3159000277519226,0.8688657283782959,0.9245882795978068,ee505e5a-6e99-43cb-97d4-cbf6e9830efc,0.9289459586143494,1.0673792362213137,0.9746068120002748,1.7181668911778234
22,ee505e5a-6e99-43cb-97d4-cbf6e9830efc,-0.2051506042480468,-0.4089283943176269,0.6013517379760742,0.755601161241416,ee505e5a-6e99-43cb-97d4-cbf6e9830efc,-0.0102453716099262,0.3331215977668762,0.8717548847198486,0.9332907079635469,ee505e5a-6e99-43cb-97d4-cbf6e9830efc,0.2061609476804733,0.3733040392398834,0.4384356141090393,0.6116240918901852
22,ee505e5a-6e99-43cb-97d4-cbf6e9830efc,-0.2561402320861816,0.1525006294250488,0.2346234321594238,0.3793578988059518,ee505e5a-6e99-43cb-97d4-cbf6e9830efc,-0.0062722815200686,0.3362277746200561,0.873511552810669,0.9360079544721446,ee505e5a-6e99-43cb-97d4-cbf6e9830efc,0.1252236813306808,0.0399341396987438,0.1752368062734604,0.21905169287729545
22,ee505e5a-6e99-43cb-97d4-cbf6e9830efc,-0.4991071224212646,0.122988224029541,0.3828811645507812,0.6409617844063233,ee505e5a-6e99-43cb-97d4-cbf6e9830efc,-0.0029972123447805,0.3336531221866607,0.8763145804405212,0.9376889852821101,ee505e5a-6e99-43cb-97d4-cbf6e9830efc,0.0295497365295887,0.0274881273508071,0.0972774252295494,0.10531705243460278
22,ee505e5a-6e99-43cb-97d4-cbf6e9830efc,-0.1544299125671386,0.242103099822998,0.2582297325134277,0.38619309107408306,ee505e5a-6e99-43cb-97d4-cbf6e9830efc,-0.0043948171660304,0.3361624777317047,0.8745527267456055,0.9369455681686185,ee505e5a-6e99-43cb-97d4-cbf6e9830efc,-0.0221432130783796,-0.0328330397605896,0.0493259169161319,0.06325643417844644
22,ee505e5a-6e99-43cb-97d4-cbf6e9830efc,-0.2090303897857666,0.1351571083068847,0.2281661033630371,0.3376698365322858,ee505e5a-6e99-43cb-97d4-cbf6e9830efc,-0.0046425270847976,0.3322913944721222,0.8759230971336365,0.9368459830677306,ee505e5a-6e99-43cb-97d4-cbf6e9830efc,0.0258846525102853,0.013820419088006,-0.0092390645295381,0.030763282216423347
